Prefix;DXCC;Continent;Country;ITU;CQ
1A;246;EU;Sov Mil Order of Malta;28;15
1A0;246;EU;Sov. Mil. Order Of Malta;28;15
1B;901;AS;Northern Cyprus;39;20
1M;178;OC;Minerva Reef;62;32
1S;247;OC;Spratly Islands;50;26
2A;223;EU;England;27;14
2B;223;EU;England;27;14
2C;223;EU;England;27;14
2D;114;EU;Isle of Man;27;14
2E;223;EU;England;27;14
2F;223;EU;England;27;14
2G;223;EU;England;27;14
2H;223;EU;England;27;14
2I;265;EU;Northern Ireland;27;14
2K;223;EU;England;27;14
2L;223;EU;England;27;14
2M;279;EU;Scotland;27;14
2N;223;EU;England;27;14
2O;223;EU;England;27;14
2P;223;EU;England;27;14
2Q;223;EU;England;27;14
2R;223;EU;England;27;14
2S;223;EU;England;27;14
2T;223;EU;England;27;14
2U;106;EU;Guernsey;27;14
2V;223;EU;England;27;14
2X;223;EU;England;27;14
2Y;223;EU;England;27;14
2Z;223;EU;England;27;14
3A;260;EU;Monaco;27;14
3B;165;AF;Mauritius;53;39
3B6;4;AF;Agalega & St Brandon;53;39
3B7;4;AF;Agalega & St Brandon;53;39
3B8;165;AF;Mauritius;53;39
3B9;207;AF;Rodriguez Is;53;39
3C;49;AF;Equatorial Guinea;47;36
3C0;195;AF;Annobon Is;52;36
3D2;176;OC;Fiji;56;32
3D2;460;OC;Rotuma Is;56;32
3D2;489;OC;Conway Reef;56;32
3D6;468;AF;Swaziland;57;38
3DA;468;AF;Swaziland;57;38
3DB;468;AF;Swaziland;57;38
3DC;468;AF;Swaziland;57;38
3DD;468;AF;Swaziland;57;38
3DE;468;AF;Swaziland;57;38
3DF;468;AF;Swaziland;57;38
3DG;468;AF;Swaziland;57;38
3DH;468;AF;Swaziland;57;38
3DI;468;AF;Swaziland;57;38
3DJ;468;AF;Swaziland;57;38
3DK;468;AF;Swaziland;57;38
3DL;468;AF;Swaziland;57;38
3DM;468;AF;Swaziland;57;38
3E;88;NA;Panama;11;7
3F;88;NA;Panama;11;7
3G;112;SA;Chile;14;12
3H;318;AS;China;33;24
3I;318;AS;China;33;24
3J;318;AS;China;33;24
3K;318;AS;China;33;24
3L;318;AS;China;33;24
3M;318;AS;China;33;24
3N;318;AS;China;33;24
3O;318;AS;China;33;24
3P;318;AS;China;33;24
3Q;318;AS;China;33;24
3R;318;AS;China;33;24
3S;318;AS;China;33;24
3T;318;AS;China;33;24
3U;318;AS;China;33;24
3V;474;AF;Tunisia;37;33
3W;293;AS;Vietnam;49;26
3X;107;AF;Guinea;46;35
3Y;24;AF;Bouvet;67;38
3Y;199;AN;Peter I Is;72;12
3Z;269;EU;Poland;28;15
4A;50;NA;Mexico;10;6
4B;50;NA;Mexico;10;6
4C;50;NA;Mexico;10;6
4D;375;OC;Philippines;50;27
4E;375;OC;Philippines;50;27
4F;375;OC;Philippines;50;27
4G;375;OC;Philippines;50;27
4H;375;OC;Philippines;50;27
4I;375;OC;Philippines;50;27
4J;18;AS;Azerbaijan;29;21
4J1;151;EU;Maly Vysotsky Island;29;16
4K;18;AS;Azerbaijan;29;21
4K1;241;SA;South Shetland Islands;73;13
4L;75;AS;Georgia;29;21
4N;296;EU;Serbia;28;15
4N5;502;EU;Macedonia;28;15
4O;514;EU;Montenegro;28;15
4P;315;AS;Sri Lanka;41;22
4Q;315;AS;Sri Lanka;41;22
4R;315;AS;Sri Lanka;41;22
4S;315;AS;Sri Lanka;41;22
4T;136;SA;Peru;12;10
4U;117;EU;ITU Geneva;28;14
4U_ITU;117;EU;Itu Geneva;28;14
4U_UN;289;NA;United Nations Hq;8;5
4V;78;NA;Haiti;11;8
4W;511;OC;Timor Leste;54;28
4X;336;AS;Israel;39;20
4X1;336;AS;Israel;39;20
4Z;336;AS;Israel;39;20
5A;436;AF;Libya;38;34
5B;215;AS;Cyprus;39;20
5C;446;AF;Morocco;37;33
5D;446;AF;Morocco;37;33
5E;446;AF;Morocco;37;33
5F;446;AF;Morocco;37;33
5G;446;AF;Morocco;37;33
5H;470;AF;Tanzania;53;37
5H1;307;AF;Zanzibar;53;37
5I;470;AF;Tanzania;53;37
5L;434;AF;Liberia;46;35
5M;434;AF;Liberia;46;35
5N;450;AF;Nigeria;46;35
5O;450;AF;Nigeria;46;35
5R;438;AF;Madagascar;53;39
5S;438;AF;Madagascar;53;39
5T;444;AF;Mauritania;46;35
5U;187;AF;Niger;46;35
5V;483;AF;Togo;46;35
5W;190;OC;Samoa;62;32
5X;286;AF;Uganda;48;37
5Y;430;AF;Kenya;48;37
5Z;430;AF;Kenya;48;37
6A;478;AF;Egypt;38;34
6B;478;AF;Egypt;38;34
6C;384;AS;Syria;39;20
6D;50;NA;Mexico;10;6
6E;50;NA;Mexico;10;6
6F;50;NA;Mexico;10;6
6G;50;NA;Mexico;10;6
6H;50;NA;Mexico;10;6
6I;50;NA;Mexico;10;6
6J;50;NA;Mexico;10;6
6K;137;AS;South Korea;44;25
6L;137;AS;South Korea;44;25
6M;137;AS;South Korea;44;25
6N;137;AS;South Korea;44;25
6O;232;AF;Somalia;48;37
6P;372;AS;Pakistan;41;21
6Q;372;AS;Pakistan;41;21
6R;372;AS;Pakistan;41;21
6S;372;AS;Pakistan;41;21
6T;466;AF;Sudan;48;34
6U;466;AF;Sudan;48;34
6V;456;AF;Senegal;46;35
6W;456;AF;Senegal;46;35
6X;438;AF;Madagascar;53;39
6Y;82;NA;Jamaica;11;8
6Z;434;AF;Liberia;46;35
7A;327;OC;Indonesia;51;28
7B;327;OC;Indonesia;51;28
7C;327;OC;Indonesia;51;28
7D;327;OC;Indonesia;51;28
7E;327;OC;Indonesia;51;28
7F;327;OC;Indonesia;51;28
7G;327;OC;Indonesia;51;28
7H;327;OC;Indonesia;51;28
7I;327;OC;Indonesia;51;28
7J;339;AS;Japan;45;25
7J1;194;AS;Okino Tori-shima;45;27
7K;339;AS;Japan;45;25
7L;339;AS;Japan;45;25
7M;339;AS;Japan;45;25
7N;339;AS;Japan;45;25
7O;492;AS;Yemen;39;21
7P;432;AF;Lesotho;53;37
7Q;440;AF;Malawi;53;37
7R;400;AF;Algeria;37;33
7T;400;AF;Algeria;37;33
7U;400;AF;Algeria;37;33
7V;400;AF;Algeria;37;33
7W;400;AF;Algeria;37;33
7X;400;AF;Algeria;37;33
7Y;400;AF;Algeria;37;33
7Z;378;AS;Saudi Arabia;39;21
8A;327;OC;Indonesia;51;28
8B;327;OC;Indonesia;51;28
8C;327;OC;Indonesia;51;28
8D;327;OC;Indonesia;51;28
8E;327;OC;Indonesia;51;28
8F;327;OC;Indonesia;51;28
8G;327;OC;Indonesia;51;28
8H;327;OC;Indonesia;51;28
8I;327;OC;Indonesia;51;28
8J;339;AS;Japan;45;25
8K;339;AS;Japan;45;25
8L;339;AS;Japan;45;25
8M;339;AS;Japan;45;25
8N;339;AS;Japan;45;25
8O;402;AF;Botswana;57;38
8P;62;NA;Barbados;11;8
8Q;159;AF;Maldives;41;22
8Q;159;AS;Maldives;41;22
8R;129;SA;Guyana;12;9
8T;324;AS;India;41;22
8U;324;AS;India;41;22
8V;324;AS;India;41;22
8W;324;AS;India;41;22
8X;324;AS;India;41;22
8Y;324;AS;India;41;22
8Z;378;AS;Saudi Arabia;39;21
8Z4;226;AS;Saudi Arabia/iraq Neut. Zone;39;21
8Z5;68;AS;Saudi/kuwait N.z.;39;21
9A;497;EU;Croatia;28;15
9B;330;AS;Iran;40;21
9C;330;AS;Iran;40;21
9D;330;AS;Iran;40;21
9E;53;AF;Ethiopia;48;37
9F;53;AF;Ethiopia;48;37
9G;424;AF;Ghana;46;35
9H;257;EU;Malta;28;15
9I;482;AF;Zambia;53;36
9J;482;AF;Zambia;53;36
9K;348;AS;Kuwait;39;21
9K3;68;AS;Saudi/kuwait N.z.;39;21
9L;458;AF;Sierra Leone;46;35
9M;299;AS;West Malaysia;54;28
9M0;247;OC;Spratly Islands;50;26
9M2;299;AS;West Malaysia;54;28
9M4;299;AS;West Malaysia;54;28
9M6;46;OC;East Malaysia;54;28
9M8;46;OC;East Malaysia;54;28
9N;369;AS;Nepal;42;22
9O;414;AF;Dem. Republic of Congo;52;36
9P;414;AF;Dem. Republic of Congo;52;36
9Q;414;AF;Dem. Republic of Congo;52;36
9R;414;AF;Dem. Republic of Congo;52;36
9S;414;AF;Dem. Republic of Congo;52;36
9S4;210;EU;Saar;28;14
9T;414;AF;Dem. Republic of Congo;52;36
9U;404;AF;Burundi;52;36
9U5;208;AF;Ruanda-urundi;52;36
9V;381;AS;Singapore;54;28
9W;299;AS;West Malaysia;54;28
9X;454;AF;Rwanda;52;36
9Y;90;SA;Trinidad & Tobago;11;9
9Z;90;SA;Trinidad & Tobago;11;9
A2;402;AF;Botswana;57;38
A3;160;OC;Tonga;62;32
A4;370;AS;Oman;39;21
A5;306;AS;Bhutan;41;22
A6;391;AS;United Arab Emirates;39;21
A7;376;AS;Qatar;39;21
A8;434;AF;Liberia;46;35
A9;304;AS;Bahrain;39;21
AA;291;NA;United States Of America;6;3
AA;291;NA;United States Of America;6;4
AA;291;NA;United States Of America;6;5
AA;291;NA;United States Of America;7;3
AA;291;NA;United States Of America;7;4
AA;291;NA;United States Of America;7;5
AA;291;NA;United States Of America;8;3
AA;291;NA;United States Of America;8;4
AA;291;NA;United States Of America;8;5
AB;291;NA;United States Of America;6;3
AB;291;NA;United States Of America;6;4
AB;291;NA;United States Of America;6;5
AB;291;NA;United States Of America;7;3
AB;291;NA;United States Of America;7;4
AB;291;NA;United States Of America;7;5
AB;291;NA;United States Of America;8;3
AB;291;NA;United States Of America;8;4
AB;291;NA;United States Of America;8;5
AC;291;NA;United States Of America;6;3
AC;291;NA;United States Of America;6;4
AC;291;NA;United States Of America;6;5
AC;291;NA;United States Of America;7;3
AC;291;NA;United States Of America;7;4
AC;291;NA;United States Of America;7;5
AC;291;NA;United States Of America;8;3
AC;291;NA;United States Of America;8;4
AC;291;NA;United States Of America;8;5
AC3;231;AS;Sikkim;41;22
AC4;268;AS;Tibet;41;23
AD;291;NA;United States Of America;6;3
AD;291;NA;United States Of America;6;4
AD;291;NA;United States Of America;6;5
AD;291;NA;United States Of America;7;3
AD;291;NA;United States Of America;7;4
AD;291;NA;United States Of America;7;5
AD;291;NA;United States Of America;8;3
AD;291;NA;United States Of America;8;4
AD;291;NA;United States Of America;8;5
AE;291;NA;United States Of America;6;3
AE;291;NA;United States Of America;6;4
AE;291;NA;United States Of America;6;5
AE;291;NA;United States Of America;7;3
AE;291;NA;United States Of America;7;4
AE;291;NA;United States Of America;7;5
AE;291;NA;United States Of America;8;3
AE;291;NA;United States Of America;8;4
AE;291;NA;United States Of America;8;5
AF;291;NA;United States Of America;6;3
AF;291;NA;United States Of America;6;4
AF;291;NA;United States Of America;6;5
AF;291;NA;United States Of America;7;3
AF;291;NA;United States Of America;7;4
AF;291;NA;United States Of America;7;5
AF;291;NA;United States Of America;8;3
AF;291;NA;United States Of America;8;4
AF;291;NA;United States Of America;8;5
AG;291;NA;United States Of America;6;3
AG;291;NA;United States Of America;6;4
AG;291;NA;United States Of America;6;5
AG;291;NA;United States Of America;7;3
AG;291;NA;United States Of America;7;4
AG;291;NA;United States Of America;7;5
AG;291;NA;United States Of America;8;3
AG;291;NA;United States Of America;8;4
AG;291;NA;United States Of America;8;5
AH;291;NA;United States Of America;6;3
AH;291;NA;United States Of America;6;4
AH;291;NA;United States Of America;6;5
AH;291;NA;United States Of America;7;3
AH;291;NA;United States Of America;7;4
AH;291;NA;United States Of America;7;5
AH;291;NA;United States Of America;8;3
AH;291;NA;United States Of America;8;4
AH;291;NA;United States Of America;8;5
AH8S;515;OC;Swains Island;62;32
AI;291;NA;United States Of America;6;3
AI;291;NA;United States Of America;6;4
AI;291;NA;United States Of America;6;5
AI;291;NA;United States Of America;7;3
AI;291;NA;United States Of America;7;4
AI;291;NA;United States Of America;7;5
AI;291;NA;United States Of America;8;3
AI;291;NA;United States Of America;8;4
AI;291;NA;United States Of America;8;5
AJ;291;NA;United States Of America;6;3
AJ;291;NA;United States Of America;6;4
AJ;291;NA;United States Of America;6;5
AJ;291;NA;United States Of America;7;3
AJ;291;NA;United States Of America;7;4
AJ;291;NA;United States Of America;7;5
AJ;291;NA;United States Of America;8;3
AJ;291;NA;United States Of America;8;4
AJ;291;NA;United States Of America;8;5
AK;291;NA;United States Of America;6;3
AK;291;NA;United States Of America;6;4
AK;291;NA;United States Of America;6;5
AK;291;NA;United States Of America;7;3
AK;291;NA;United States Of America;7;4
AK;291;NA;United States Of America;7;5
AK;291;NA;United States Of America;8;3
AK;291;NA;United States Of America;8;4
AK;291;NA;United States Of America;8;5
AP;372;AS;Pakistan;41;21
AQ;372;AS;Pakistan;41;21
AR;372;AS;Pakistan;41;21
AS;372;AS;Pakistan;41;21
AT;324;AS;India;41;22
AU;324;AS;India;41;22
AV;324;AS;India;41;22
AW;324;AS;India;41;22
AY;100;SA;Argentina;14;13
AZ;100;SA;Argentina;14;13
B0;318;AS;China;33;24
B1;318;AS;China;33;24
B2;318;AS;China;33;24
B3;318;AS;China;33;24
B4;318;AS;China;33;24
B5;318;AS;China;33;24
B6;318;AS;China;33;24
B7;318;AS;China;33;24
B8;318;AS;China;33;24
B9;318;AS;China;33;24
BA;318;AS;China;33;24
BB;318;AS;China;33;24
BC;318;AS;China;33;24
BD;318;AS;China;33;24
BE;318;AS;China;33;24
BF;318;AS;China;33;24
BG;318;AS;China;33;24
BH;318;AS;China;33;24
BI;318;AS;China;33;24
BJ;318;AS;China;33;24
BK;318;AS;China;33;24
BL;318;AS;China;33;24
BQ9;505;AS;Pratas Island;44;24
BR;318;AS;China;33;24
BS;318;AS;China;33;24
BS7;506;AS;Scarborough Reef;50;27
BT;318;AS;China;33;24
BV;386;AS;Taiwan;44;24
BV9;505;AS;Pratas Island;44;24
BY;318;AS;China;33;24
BZ;318;AS;China;33;24
C2;157;OC;Nauru;65;31
C3;203;EU;Andorra;27;14
C4;215;AS;Cyprus;39;20
C5;422;AF;The Gambia;46;35
C6;60;NA;Bahamas;11;8
C8;181;AF;Mozambique;53;37
C9;164;AS;Manchuria;33;24
C9;181;AF;Mozambique;53;37
CA;112;SA;Chile;14;12
CB;112;SA;Chile;14;12
CC;112;SA;Chile;14;12
CD;112;SA;Chile;14;12
CE;112;SA;Chile;14;12
CE0;47;SA;Easter Is;63;12
CE0;125;SA;Juan Fernandez;14;12
CE0;217;SA;San Felix & San Ambrosio;14;12
CE9;13;AN;Antarctica;6;12
CE9;13;AN;Antarctica;6;13
CE9;13;AN;Antarctica;6;29
CE9;13;AN;Antarctica;6;30
CE9;13;AN;Antarctica;6;32
CE9;13;AN;Antarctica;6;38
CE9;13;AN;Antarctica;6;39
CE9;13;AN;Antarctica;7;12
CE9;13;AN;Antarctica;7;13
CE9;13;AN;Antarctica;7;29
CE9;13;AN;Antarctica;7;30
CE9;13;AN;Antarctica;7;32
CE9;13;AN;Antarctica;7;38
CE9;13;AN;Antarctica;7;39
CE9;13;AN;Antarctica;67;12
CE9;13;AN;Antarctica;67;13
CE9;13;AN;Antarctica;67;29
CE9;13;AN;Antarctica;67;30
CE9;13;AN;Antarctica;67;32
CE9;13;AN;Antarctica;67;38
CE9;13;AN;Antarctica;67;39
CE9;241;SA;South Shetland Islands;73;13
CF;1;NA;Canada;2;5
CG;1;NA;Canada;2;5
CH;1;NA;Canada;2;5
CI;1;NA;Canada;2;5
CJ;1;NA;Canada;2;5
CK;1;NA;Canada;2;5
CL;70;NA;Cuba;11;8
CM;70;NA;Cuba;11;8
CN;446;AF;Morocco;37;33
CN2;264;AF;Tangier;37;33
CO;70;NA;Cuba;11;8
CP;104;SA;Bolivia;12;10
CP;104;SA;Bolivia;14;10
CR8;42;AS;Damao, Dui;41;22
CR8;101;AS;Goa;41;22
CR8;200;OC;Portuguese Timor;54;28
CT;272;EU;Portugal;37;14
CT3;256;AF;Madeira Is;36;33
CU;149;EU;Azores;36;14
CV;144;SA;Uruguay;14;13
CW;144;SA;Uruguay;14;13
CX;144;SA;Uruguay;14;13
CY;1;NA;Canada;2;5
CY0;211;NA;Sable Island;9;5
CY9;252;NA;St Paul Island;9;5
CZ;1;NA;Canada;2;5
D2;401;AF;Angola;52;36
D3;401;AF;Angola;52;36
D4;409;AF;Cape Verde;46;35
D5;434;AF;Liberia;46;35
D6;411;AF;Comoros;53;39
D7;137;AS;South Korea;44;25
D8;137;AS;South Korea;44;25
D9;137;AS;South Korea;44;25
DA;230;EU;Germany;28;14
DB;230;EU;Germany;28;14
DC;230;EU;Germany;28;14
DD;230;EU;Germany;28;14
DE;230;EU;Germany;28;14
DF;230;EU;Germany;28;14
DG;230;EU;Germany;28;14
DH;230;EU;Germany;28;14
DI;230;EU;Germany;28;14
DJ;230;EU;Germany;28;14
DK;230;EU;Germany;28;14
DL;230;EU;Germany;28;14
DM;230;EU;Germany;28;14
DN;230;EU;Germany;28;14
DO;230;EU;Germany;28;14
DP;230;EU;Germany;28;14
DQ;230;EU;Germany;28;14
DR;230;EU;Germany;28;14
DS;137;AS;South Korea;44;25
DT;137;AS;South Korea;44;25
DU;375;OC;Philippines;50;27
DV;375;OC;Philippines;50;27
DW;375;OC;Philippines;50;27
DX;375;OC;Philippines;50;27
DY;375;OC;Philippines;50;27
DZ;375;OC;Philippines;50;27
E2;387;AS;Thailand;49;26
E3;51;AF;Eritrea;48;37
E4;510;AS;Palestine;39;20
E5;234;OC;South Cook Islands;62;32
E6;188;OC;Niue;62;32
E7;501;EU;Bosnia and Herzegovina;28;15
EA;281;EU;Spain;37;14
EA6;21;EU;Balearic Is;37;14
EA8;29;AF;Canary Is;36;33
EA9;32;AF;Ceuta & Melilla;37;33
EA9;113;AF;Ifni;37;33
EB;281;EU;Spain;37;14
EC;281;EU;Spain;37;14
ED;281;EU;Spain;37;14
EE;281;EU;Spain;37;14
EF;281;EU;Spain;37;14
EG;281;EU;Spain;37;14
EH;281;EU;Spain;37;14
EI;245;EU;Ireland;27;14
EJ;245;EU;Ireland;27;14
EK;14;AS;Armenia;29;21
EL;434;AF;Liberia;46;35
EM;288;EU;Ukraine;29;16
EN;288;EU;Ukraine;29;16
EO;288;EU;Ukraine;29;16
EP;330;AS;Iran;40;21
EQ;330;AS;Iran;40;21
ER;179;EU;Moldavia;29;16
ES;52;EU;Estonia;29;15
ET;53;AF;Ethiopia;48;37
EU;27;EU;Belarus;29;16
EV;27;EU;Belarus;29;16
EW;27;EU;Belarus;29;16
EX;135;AS;Kyrgyzstan;30;17
EX;135;AS;Kyrgyzstan;31;17
EY;262;AS;Tajikistan;30;17
EZ;280;AS;Turkmenistan;30;17
F;227;EU;France;27;14
FA;227;EU;France;27;14
FB;227;EU;France;27;14
FB8;39;AF;Comoros (fb8);53;39
FC;227;EU;France;27;14
FD;227;EU;France;27;14
FE;227;EU;France;27;14
FF;59;AF;French West Africa;46;35
FG;79;NA;Guadeloupe;11;8
FH;39;AF;Comoros (fb8);53;39
FH;169;AF;Mayotte;53;39
FI;227;EU;France;27;14
FI8;58;AS;French Indo-china;49;26
FJ;516;NA;St. Barthelemy;11;8
FK;162;OC;New Caledonia;56;32
FL;227;EU;France;27;14
FM;84;NA;Martinique;11;8
FN;227;EU;France;27;14
FN8;67;AS;French India;41;22
FO;36;NA;Clipperton Is;10;7
FO;175;OC;French Polynesia;63;32
FO0;508;OC;Austral Islands, Tubuai;63;32
FP;277;NA;St Pierre & Miquelon;9;5
FQ;227;EU;France;27;14
FQ8;57;AF;French Eq. Africa;47;36
FQ8;57;AF;French Eq. Africa;52;36
FR;453;AF;Reunion;53;39
FR/E;124;AF;Juan De Nova, Europa;53;39
FR/G;99;AF;Glorioso Is;53;39
FR/J;124;AF;Juan De Nova, Europa;53;39
FR/T;276;AF;Tromelin Is;53;39
FT;227;EU;France;27;14
FT5W;41;AF;Crozet;68;39
FT5X;131;AF;Kerguelen;68;39
FT5Z;10;AF;Amsterdam & St Paul;68;39
FU;227;EU;France;27;14
FV;227;EU;France;27;14
FW;298;OC;Wallis & Futuna Is;62;32
FX;227;EU;France;27;14
FY;63;SA;French Guiana;12;9
FZ;227;EU;France;27;14
G;223;EU;England;27;14
GA;223;EU;England;27;14
GB;223;EU;England;27;14
GC;294;EU;Wales;27;14
GD;114;EU;Isle of Man;27;14
GE;223;EU;England;27;14
GF;223;EU;England;27;14
GG;223;EU;England;27;14
GH;122;EU;Jersey;27;14
GI;265;EU;Northern Ireland;27;14
GJ;122;EU;Jersey;27;14
GK;223;EU;England;27;14
GL;223;EU;England;27;14
GM;279;EU;Scotland;27;14
GN;265;EU;Northern Ireland;27;14
GO;223;EU;England;27;14
GP;106;EU;Guernsey;27;14
GQ;223;EU;England;27;14
GR;223;EU;England;27;14
GS;279;EU;Scotland;27;14
GT;114;EU;Isle of Man;27;14
GU;106;EU;Guernsey;27;14
GV;223;EU;England;27;14
GW;294;EU;Wales;27;14
GX;223;EU;England;27;14
GY;223;EU;England;27;14
GZ;279;EU;Scotland;27;14
H2;215;AS;Cyprus;39;20
H3;88;NA;Panama;11;7
H4;185;OC;Solomon Islands;51;28
H40;507;OC;Temotu;51;28
H5;462;AF;South Africa;57;38
H6;86;NA;Nicaragua;11;7
H7;86;NA;Nicaragua;11;7
H8;88;NA;Panama;11;7
H9;88;NA;Panama;11;7
HA;239;EU;Hungary;28;15
HB;287;EU;Switzerland;28;14
HB0;251;EU;Liechtenstein;28;14
HC;120;SA;Ecuador;12;10
HC8;71;SA;Galapagos;12;10
HD;120;SA;Ecuador;12;10
HD8;71;SA;Galapagos;12;10
HF;269;EU;Poland;28;15
HF0;241;SA;South Shetland Islands;73;13
HG;239;EU;Hungary;28;15
HH;78;NA;Haiti;11;8
HI;72;NA;Dominican Republic;11;8
HJ;116;SA;Colombia;12;9
HK;116;SA;Colombia;12;9
HK0;19;NA;Bajo Nuevo;11;8
HK0;161;SA;Malpelo Is;12;9
HK0;216;NA;San Andreas & Providencia;11;7
HK0;228;NA;Serrana Bank & Roncador Cay;11;7
HL;137;AS;South Korea;44;25
HM;344;AS;DPR of Korea;44;25
HN;333;AS;Iraq;39;21
HO;88;NA;Panama;11;7
HP;88;NA;Panama;11;7
HQ;80;NA;Honduras;11;7
HR;80;NA;Honduras;11;7
HS;387;AS;Thailand;49;26
HT;86;NA;Nicaragua;11;7
HV;295;EU;Vatican;28;15
HW;227;EU;France;27;14
HX;227;EU;France;27;14
HY;227;EU;France;27;14
HZ;378;AS;Saudi Arabia;39;21
I;248;EU;Italy;28;15
I;248;EU;Italy;28;33
I1;271;EU;Trieste;28;15
I5;115;AF;Italian Somaliland;48;37
IM0;225;EU;Sardinia;28;15
IS0;225;EU;Sardinia;28;15
J2;382;AF;Djibouti;48;37
J3;77;NA;Grenada;11;8
J5;109;AF;Guinea-bissau;46;35
J6;97;NA;St Lucia;11;8
J7;95;NA;Dominica;11;8
J8;98;NA;St Vincent;11;8
JA;339;AS;Japan;45;25
JB;339;AS;Japan;45;25
JC;339;AS;Japan;45;25
JD;339;AS;Japan;45;25
JD1;177;OC;Minami Torishima;90;27
JD1;192;AS;Ogasawara;45;27
JE;339;AS;Japan;45;25
JF;339;AS;Japan;45;25
JG;339;AS;Japan;45;25
JH;339;AS;Japan;45;25
JI;339;AS;Japan;45;25
JJ;339;AS;Japan;45;25
JK;339;AS;Japan;45;25
JL;339;AS;Japan;45;25
JM;339;AS;Japan;45;25
JN;339;AS;Japan;45;25
JO;339;AS;Japan;45;25
JP;339;AS;Japan;45;25
JQ;339;AS;Japan;45;25
JR;339;AS;Japan;45;25
JR6;193;AS;Okinawa;45;25
JS;339;AS;Japan;45;25
JT;363;AS;Mongolia;32;23
JT;363;AS;Mongolia;33;23
JU;363;AS;Mongolia;32;23
JU;363;AS;Mongolia;33;23
JV;363;AS;Mongolia;32;23
JV;363;AS;Mongolia;33;23
JW;259;EU;Svalbard Is;18;40
JX;118;EU;Jan Mayen;18;40
JY;342;AS;Jordan;39;20
JZ;327;OC;Indonesia;51;28
JZ0;184;OC;Netherlands N. Guinea;51;28
K;291;NA;United States Of America;6;3
K;291;NA;United States Of America;6;4
K;291;NA;United States Of America;6;5
K;291;NA;United States Of America;7;3
K;291;NA;United States Of America;7;4
K;291;NA;United States Of America;7;5
K;291;NA;United States Of America;8;3
K;291;NA;United States Of America;8;4
K;291;NA;United States Of America;8;5
KC4;13;AN;Antarctica;6;12
KC4;13;AN;Antarctica;6;13
KC4;13;AN;Antarctica;6;29
KC4;13;AN;Antarctica;6;30
KC4;13;AN;Antarctica;6;32
KC4;13;AN;Antarctica;6;38
KC4;13;AN;Antarctica;6;39
KC4;13;AN;Antarctica;7;12
KC4;13;AN;Antarctica;7;13
KC4;13;AN;Antarctica;7;29
KC4;13;AN;Antarctica;7;30
KC4;13;AN;Antarctica;7;32
KC4;13;AN;Antarctica;7;38
KC4;13;AN;Antarctica;7;39
KC4;13;AN;Antarctica;67;12
KC4;13;AN;Antarctica;67;13
KC4;13;AN;Antarctica;67;29
KC4;13;AN;Antarctica;67;30
KC4;13;AN;Antarctica;67;32
KC4;13;AN;Antarctica;67;38
KC4;13;AN;Antarctica;67;39
KG4;105;NA;Guantanamo Bay;11;8
KH0;166;OC;Mariana Is;64;27
KH1;20;OC;Baker, Howland Is;61;31
KH2;103;OC;Guam;64;27
KH3;123;OC;Johnston Is;61;31
KH4;174;OC;Midway Is;61;31
KH5;197;OC;Palmyra & Jarvis Is;61;31
KH5;197;OC;Palmyra & Jarvis Is;62;31
KH5K;134;OC;Kingman Reef;61;31
KH6;110;OC;Hawaii;61;31
KH7;110;OC;Hawaii;61;31
KH7K;138;OC;Kure Island;61;31
KH8;9;OC;American Samoa;62;32
KH8S;515;OC;Swains Island;62;32
KH9;297;OC;Wake Is;65;31
KL7;6;NA;Alaska;1;1
KL7;6;NA;Alaska;2;1
KP1;182;NA;Navassa Island;11;8
KP2;285;NA;Virgin Is;11;8
KP3;202;NA;Puerto Rico;11;8
KP3;228;NA;Serrana Bank & Roncador Cay;11;7
KP4;202;NA;Puerto Rico;11;8
KP5;43;NA;Desecheo Is;11;8
KR6;193;AS;Okinawa;45;25
KR8;193;AS;Okinawa;45;25
KS4;228;NA;Serrana Bank & Roncador Cay;11;7
KS4;261;NA;Swan Island;11;7
KZ5;28;NA;Canal Zone;11;7
L2;100;SA;Argentina;14;13
L3;100;SA;Argentina;14;13
L4;100;SA;Argentina;14;13
L5;100;SA;Argentina;14;13
L6;100;SA;Argentina;14;13
L7;100;SA;Argentina;14;13
L8;100;SA;Argentina;14;13
L9;100;SA;Argentina;14;13
LA;266;EU;Norway;18;14
LB;266;EU;Norway;18;14
LC;266;EU;Norway;18;14
LD;266;EU;Norway;18;14
LE;266;EU;Norway;18;14
LF;266;EU;Norway;18;14
LG;266;EU;Norway;18;14
LH;266;EU;Norway;18;14
LI;266;EU;Norway;18;14
LJ;266;EU;Norway;18;14
LK;266;EU;Norway;18;14
LL;266;EU;Norway;18;14
LM;266;EU;Norway;18;14
LN;266;EU;Norway;18;14
LO;100;SA;Argentina;14;13
LP;100;SA;Argentina;14;13
LQ;100;SA;Argentina;14;13
LR;100;SA;Argentina;14;13
LS;100;SA;Argentina;14;13
LT;100;SA;Argentina;14;13
LU;100;SA;Argentina;14;13
LV;100;SA;Argentina;14;13
LW;100;SA;Argentina;14;13
LX;254;EU;Luxembourg;27;14
LY;146;EU;Lithuania;29;15
LZ;212;EU;Bulgaria;28;20
M;223;EU;England;27;14
M2;223;EU;England;27;14
M4;223;EU;England;27;14
MA;223;EU;England;27;14
MB;223;EU;England;27;14
MD;114;EU;Isle of Man;27;14
ME;223;EU;England;27;14
MF;223;EU;England;27;14
MG;223;EU;England;27;14
MH;122;EU;Jersey;27;14
MI;265;EU;Northern Ireland;27;14
MK;223;EU;England;27;14
ML;223;EU;England;27;14
MM;279;EU;Scotland;27;14
MN;265;EU;Northern Ireland;27;14
MO;223;EU;England;27;14
MP;106;EU;Guernsey;27;14
MQ;223;EU;England;27;14
MR;223;EU;England;27;14
MS;279;EU;Scotland;27;14
MT;114;EU;Isle of Man;27;14
MU;106;EU;Guernsey;27;14
MV;223;EU;England;27;14
MX;223;EU;England;27;14
MY;223;EU;England;27;14
MZ;279;EU;Scotland;27;14
N;291;NA;United States Of America;6;3
N;291;NA;United States Of America;6;4
N;291;NA;United States Of America;6;5
N;291;NA;United States Of America;7;3
N;291;NA;United States Of America;7;4
N;291;NA;United States Of America;7;5
N;291;NA;United States Of America;8;3
N;291;NA;United States Of America;8;4
N;291;NA;United States Of America;8;5
NH8S;515;OC;Swains Island;62;32
NP1;182;NA;Navassa Island;11;8
OA;136;SA;Peru;12;10
OB;136;SA;Peru;12;10
OC;136;SA;Peru;12;10
OD;354;AS;Lebanon;39;20
OE;206;EU;Austria;28;15
OF;224;EU;Finland;18;15
OG;224;EU;Finland;18;15
OH;224;EU;Finland;18;15
OH0;5;EU;Aland Is;18;15
OH0M;167;EU;Market Reef;18;15
OI;224;EU;Finland;18;15
OJ0;167;EU;Market Reef;18;15
OK;503;EU;Czech Republic;28;15
OL;503;EU;Czech Republic;28;15
OM;504;EU;Slovak Republic;28;15
ON;209;EU;Belgium;27;14
OO;209;EU;Belgium;27;14
OP;209;EU;Belgium;27;14
OQ;209;EU;Belgium;27;14
OR;209;EU;Belgium;27;14
OS;209;EU;Belgium;27;14
OT;209;EU;Belgium;27;14
OX;237;NA;Greenland;5;40
OX;237;NA;Greenland;75;40
OY;222;EU;Faroe Is;18;14
OZ;221;EU;Denmark;18;14
P2;163;OC;Papua New Guinea;51;28
P2;198;OC;Papua Territory;51;28
P2;267;OC;Terr New Guinea;51;28
P3;215;AS;Cyprus;39;20
P4;91;SA;Aruba;11;9
P5;344;AS;DPR of Korea;44;25
P6;344;AS;DPR of Korea;44;25
P7;344;AS;DPR of Korea;44;25
P8;344;AS;DPR of Korea;44;25
P9;344;AS;DPR of Korea;44;25
PA;263;EU;Netherlands;27;14
PB;263;EU;Netherlands;27;14
PC;263;EU;Netherlands;27;14
PD;263;EU;Netherlands;27;14
PE;263;EU;Netherlands;27;14
PF;263;EU;Netherlands;27;14
PG;263;EU;Netherlands;27;14
PH;263;EU;Netherlands;27;14
PI;263;EU;Netherlands;27;14
PJ2;517;SA;Curacao;11;8
PJ4;520;SA;Bonaire;11;9
PJ5;519;NA;Saba, St Eustatius;11;8
PJ6;519;NA;Saba, St Eustatius;11;8
PJ7;518;SA;St. Maarten;11;8
PJ8;255;NA;St Maarten, Saba, St Eustatius;11;8
PJ9;85;SA;Bonaire,curacao;11;9
PK;327;OC;Indonesia;51;28
PK1;119;OC;Java;54;28
PK2;119;OC;Java;54;28
PK3;119;OC;Java;54;28
PK4;258;OC;Sumatra;54;28
PK5;183;OC;Netherlands Borneo;54;28
PK6;30;OC;Celebe/molucca Is;54;28
PL;327;OC;Indonesia;51;28
PM;327;OC;Indonesia;51;28
PN;327;OC;Indonesia;51;28
PO;327;OC;Indonesia;51;28
PP;108;SA;Brazil;12;11
PP0F;56;SA;Fernando De Noronha;13;11
PP0S;253;SA;St Peter & St Paul Rks;13;11
PP0T;273;SA;Trindade & Martim Vaz Is;15;11
PQ;108;SA;Brazil;12;11
PR;108;SA;Brazil;12;11
PS;108;SA;Brazil;12;11
PT;108;SA;Brazil;12;11
PU;108;SA;Brazil;12;11
PV;108;SA;Brazil;12;11
PW;108;SA;Brazil;12;11
PX;108;SA;Brazil;12;11
PY;108;SA;Brazil;12;11
PZ;140;SA;Suriname;12;9
R1FJ;61;EU;Franz Josef Land;75;40
R1MV;151;EU;Maly Vysotsky Island;29;16
RA;15;AS;Asiatic Russia;20;16
RA;15;AS;Asiatic Russia;20;17
RA;15;AS;Asiatic Russia;20;18
RA;15;AS;Asiatic Russia;20;19
RA;15;AS;Asiatic Russia;20;23
RA;15;AS;Asiatic Russia;21;16
RA;15;AS;Asiatic Russia;21;17
RA;15;AS;Asiatic Russia;21;18
RA;15;AS;Asiatic Russia;21;19
RA;15;AS;Asiatic Russia;21;23
RA;15;AS;Asiatic Russia;22;16
RA;15;AS;Asiatic Russia;22;17
RA;15;AS;Asiatic Russia;22;18
RA;15;AS;Asiatic Russia;22;19
RA;15;AS;Asiatic Russia;22;23
RA;15;AS;Asiatic Russia;23;16
RA;15;AS;Asiatic Russia;23;17
RA;15;AS;Asiatic Russia;23;18
RA;15;AS;Asiatic Russia;23;19
RA;15;AS;Asiatic Russia;23;23
RA;15;AS;Asiatic Russia;24;16
RA;15;AS;Asiatic Russia;24;17
RA;15;AS;Asiatic Russia;24;18
RA;15;AS;Asiatic Russia;24;19
RA;15;AS;Asiatic Russia;24;23
RA;15;AS;Asiatic Russia;25;16
RA;15;AS;Asiatic Russia;25;17
RA;15;AS;Asiatic Russia;25;18
RA;15;AS;Asiatic Russia;25;19
RA;15;AS;Asiatic Russia;25;23
RA;15;AS;Asiatic Russia;26;16
RA;15;AS;Asiatic Russia;26;17
RA;15;AS;Asiatic Russia;26;18
RA;15;AS;Asiatic Russia;26;19
RA;15;AS;Asiatic Russia;26;23
RA;15;AS;Asiatic Russia;30;16
RA;15;AS;Asiatic Russia;30;17
RA;15;AS;Asiatic Russia;30;18
RA;15;AS;Asiatic Russia;30;19
RA;15;AS;Asiatic Russia;30;23
RA;15;AS;Asiatic Russia;31;16
RA;15;AS;Asiatic Russia;31;17
RA;15;AS;Asiatic Russia;31;18
RA;15;AS;Asiatic Russia;31;19
RA;15;AS;Asiatic Russia;31;23
RA;15;AS;Asiatic Russia;32;16
RA;15;AS;Asiatic Russia;32;17
RA;15;AS;Asiatic Russia;32;18
RA;15;AS;Asiatic Russia;32;19
RA;15;AS;Asiatic Russia;32;23
RA;15;AS;Asiatic Russia;33;16
RA;15;AS;Asiatic Russia;33;17
RA;15;AS;Asiatic Russia;33;18
RA;15;AS;Asiatic Russia;33;19
RA;15;AS;Asiatic Russia;33;23
RA;15;AS;Asiatic Russia;34;16
RA;15;AS;Asiatic Russia;34;17
RA;15;AS;Asiatic Russia;34;18
RA;15;AS;Asiatic Russia;34;19
RA;15;AS;Asiatic Russia;34;23
RA;15;AS;Asiatic Russia;35;16
RA;15;AS;Asiatic Russia;35;17
RA;15;AS;Asiatic Russia;35;18
RA;15;AS;Asiatic Russia;35;19
RA;15;AS;Asiatic Russia;35;23
RA;15;AS;Asiatic Russia;75;16
RA;15;AS;Asiatic Russia;75;17
RA;15;AS;Asiatic Russia;75;18
RA;15;AS;Asiatic Russia;75;19
RA;15;AS;Asiatic Russia;75;23
RA;54;EU;European Russia;19;16
RA;54;EU;European Russia;20;16
RA;54;EU;European Russia;29;16
RA;54;EU;European Russia;30;16
RB;15;AS;Asiatic Russia;20;16
RB;15;AS;Asiatic Russia;20;17
RB;15;AS;Asiatic Russia;20;18
RB;15;AS;Asiatic Russia;20;19
RB;15;AS;Asiatic Russia;20;23
RB;15;AS;Asiatic Russia;21;16
RB;15;AS;Asiatic Russia;21;17
RB;15;AS;Asiatic Russia;21;18
RB;15;AS;Asiatic Russia;21;19
RB;15;AS;Asiatic Russia;21;23
RB;15;AS;Asiatic Russia;22;16
RB;15;AS;Asiatic Russia;22;17
RB;15;AS;Asiatic Russia;22;18
RB;15;AS;Asiatic Russia;22;19
RB;15;AS;Asiatic Russia;22;23
RB;15;AS;Asiatic Russia;23;16
RB;15;AS;Asiatic Russia;23;17
RB;15;AS;Asiatic Russia;23;18
RB;15;AS;Asiatic Russia;23;19
RB;15;AS;Asiatic Russia;23;23
RB;15;AS;Asiatic Russia;24;16
RB;15;AS;Asiatic Russia;24;17
RB;15;AS;Asiatic Russia;24;18
RB;15;AS;Asiatic Russia;24;19
RB;15;AS;Asiatic Russia;24;23
RB;15;AS;Asiatic Russia;25;16
RB;15;AS;Asiatic Russia;25;17
RB;15;AS;Asiatic Russia;25;18
RB;15;AS;Asiatic Russia;25;19
RB;15;AS;Asiatic Russia;25;23
RB;15;AS;Asiatic Russia;26;16
RB;15;AS;Asiatic Russia;26;17
RB;15;AS;Asiatic Russia;26;18
RB;15;AS;Asiatic Russia;26;19
RB;15;AS;Asiatic Russia;26;23
RB;15;AS;Asiatic Russia;30;16
RB;15;AS;Asiatic Russia;30;17
RB;15;AS;Asiatic Russia;30;18
RB;15;AS;Asiatic Russia;30;19
RB;15;AS;Asiatic Russia;30;23
RB;15;AS;Asiatic Russia;31;16
RB;15;AS;Asiatic Russia;31;17
RB;15;AS;Asiatic Russia;31;18
RB;15;AS;Asiatic Russia;31;19
RB;15;AS;Asiatic Russia;31;23
RB;15;AS;Asiatic Russia;32;16
RB;15;AS;Asiatic Russia;32;17
RB;15;AS;Asiatic Russia;32;18
RB;15;AS;Asiatic Russia;32;19
RB;15;AS;Asiatic Russia;32;23
RB;15;AS;Asiatic Russia;33;16
RB;15;AS;Asiatic Russia;33;17
RB;15;AS;Asiatic Russia;33;18
RB;15;AS;Asiatic Russia;33;19
RB;15;AS;Asiatic Russia;33;23
RB;15;AS;Asiatic Russia;34;16
RB;15;AS;Asiatic Russia;34;17
RB;15;AS;Asiatic Russia;34;18
RB;15;AS;Asiatic Russia;34;19
RB;15;AS;Asiatic Russia;34;23
RB;15;AS;Asiatic Russia;35;16
RB;15;AS;Asiatic Russia;35;17
RB;15;AS;Asiatic Russia;35;18
RB;15;AS;Asiatic Russia;35;19
RB;15;AS;Asiatic Russia;35;23
RB;15;AS;Asiatic Russia;75;16
RB;15;AS;Asiatic Russia;75;17
RB;15;AS;Asiatic Russia;75;18
RB;15;AS;Asiatic Russia;75;19
RB;15;AS;Asiatic Russia;75;23
RB;54;EU;European Russia;19;16
RB;54;EU;European Russia;20;16
RB;54;EU;European Russia;29;16
RB;54;EU;European Russia;30;16
RC;15;AS;Asiatic Russia;20;16
RC;15;AS;Asiatic Russia;20;17
RC;15;AS;Asiatic Russia;20;18
RC;15;AS;Asiatic Russia;20;19
RC;15;AS;Asiatic Russia;20;23
RC;15;AS;Asiatic Russia;21;16
RC;15;AS;Asiatic Russia;21;17
RC;15;AS;Asiatic Russia;21;18
RC;15;AS;Asiatic Russia;21;19
RC;15;AS;Asiatic Russia;21;23
RC;15;AS;Asiatic Russia;22;16
RC;15;AS;Asiatic Russia;22;17
RC;15;AS;Asiatic Russia;22;18
RC;15;AS;Asiatic Russia;22;19
RC;15;AS;Asiatic Russia;22;23
RC;15;AS;Asiatic Russia;23;16
RC;15;AS;Asiatic Russia;23;17
RC;15;AS;Asiatic Russia;23;18
RC;15;AS;Asiatic Russia;23;19
RC;15;AS;Asiatic Russia;23;23
RC;15;AS;Asiatic Russia;24;16
RC;15;AS;Asiatic Russia;24;17
RC;15;AS;Asiatic Russia;24;18
RC;15;AS;Asiatic Russia;24;19
RC;15;AS;Asiatic Russia;24;23
RC;15;AS;Asiatic Russia;25;16
RC;15;AS;Asiatic Russia;25;17
RC;15;AS;Asiatic Russia;25;18
RC;15;AS;Asiatic Russia;25;19
RC;15;AS;Asiatic Russia;25;23
RC;15;AS;Asiatic Russia;26;16
RC;15;AS;Asiatic Russia;26;17
RC;15;AS;Asiatic Russia;26;18
RC;15;AS;Asiatic Russia;26;19
RC;15;AS;Asiatic Russia;26;23
RC;15;AS;Asiatic Russia;30;16
RC;15;AS;Asiatic Russia;30;17
RC;15;AS;Asiatic Russia;30;18
RC;15;AS;Asiatic Russia;30;19
RC;15;AS;Asiatic Russia;30;23
RC;15;AS;Asiatic Russia;31;16
RC;15;AS;Asiatic Russia;31;17
RC;15;AS;Asiatic Russia;31;18
RC;15;AS;Asiatic Russia;31;19
RC;15;AS;Asiatic Russia;31;23
RC;15;AS;Asiatic Russia;32;16
RC;15;AS;Asiatic Russia;32;17
RC;15;AS;Asiatic Russia;32;18
RC;15;AS;Asiatic Russia;32;19
RC;15;AS;Asiatic Russia;32;23
RC;15;AS;Asiatic Russia;33;16
RC;15;AS;Asiatic Russia;33;17
RC;15;AS;Asiatic Russia;33;18
RC;15;AS;Asiatic Russia;33;19
RC;15;AS;Asiatic Russia;33;23
RC;15;AS;Asiatic Russia;34;16
RC;15;AS;Asiatic Russia;34;17
RC;15;AS;Asiatic Russia;34;18
RC;15;AS;Asiatic Russia;34;19
RC;15;AS;Asiatic Russia;34;23
RC;15;AS;Asiatic Russia;35;16
RC;15;AS;Asiatic Russia;35;17
RC;15;AS;Asiatic Russia;35;18
RC;15;AS;Asiatic Russia;35;19
RC;15;AS;Asiatic Russia;35;23
RC;15;AS;Asiatic Russia;75;16
RC;15;AS;Asiatic Russia;75;17
RC;15;AS;Asiatic Russia;75;18
RC;15;AS;Asiatic Russia;75;19
RC;15;AS;Asiatic Russia;75;23
RC;54;EU;European Russia;19;16
RC;54;EU;European Russia;20;16
RC;54;EU;European Russia;29;16
RC;54;EU;European Russia;30;16
RD;15;AS;Asiatic Russia;20;16
RD;15;AS;Asiatic Russia;20;17
RD;15;AS;Asiatic Russia;20;18
RD;15;AS;Asiatic Russia;20;19
RD;15;AS;Asiatic Russia;20;23
RD;15;AS;Asiatic Russia;21;16
RD;15;AS;Asiatic Russia;21;17
RD;15;AS;Asiatic Russia;21;18
RD;15;AS;Asiatic Russia;21;19
RD;15;AS;Asiatic Russia;21;23
RD;15;AS;Asiatic Russia;22;16
RD;15;AS;Asiatic Russia;22;17
RD;15;AS;Asiatic Russia;22;18
RD;15;AS;Asiatic Russia;22;19
RD;15;AS;Asiatic Russia;22;23
RD;15;AS;Asiatic Russia;23;16
RD;15;AS;Asiatic Russia;23;17
RD;15;AS;Asiatic Russia;23;18
RD;15;AS;Asiatic Russia;23;19
RD;15;AS;Asiatic Russia;23;23
RD;15;AS;Asiatic Russia;24;16
RD;15;AS;Asiatic Russia;24;17
RD;15;AS;Asiatic Russia;24;18
RD;15;AS;Asiatic Russia;24;19
RD;15;AS;Asiatic Russia;24;23
RD;15;AS;Asiatic Russia;25;16
RD;15;AS;Asiatic Russia;25;17
RD;15;AS;Asiatic Russia;25;18
RD;15;AS;Asiatic Russia;25;19
RD;15;AS;Asiatic Russia;25;23
RD;15;AS;Asiatic Russia;26;16
RD;15;AS;Asiatic Russia;26;17
RD;15;AS;Asiatic Russia;26;18
RD;15;AS;Asiatic Russia;26;19
RD;15;AS;Asiatic Russia;26;23
RD;15;AS;Asiatic Russia;30;16
RD;15;AS;Asiatic Russia;30;17
RD;15;AS;Asiatic Russia;30;18
RD;15;AS;Asiatic Russia;30;19
RD;15;AS;Asiatic Russia;30;23
RD;15;AS;Asiatic Russia;31;16
RD;15;AS;Asiatic Russia;31;17
RD;15;AS;Asiatic Russia;31;18
RD;15;AS;Asiatic Russia;31;19
RD;15;AS;Asiatic Russia;31;23
RD;15;AS;Asiatic Russia;32;16
RD;15;AS;Asiatic Russia;32;17
RD;15;AS;Asiatic Russia;32;18
RD;15;AS;Asiatic Russia;32;19
RD;15;AS;Asiatic Russia;32;23
RD;15;AS;Asiatic Russia;33;16
RD;15;AS;Asiatic Russia;33;17
RD;15;AS;Asiatic Russia;33;18
RD;15;AS;Asiatic Russia;33;19
RD;15;AS;Asiatic Russia;33;23
RD;15;AS;Asiatic Russia;34;16
RD;15;AS;Asiatic Russia;34;17
RD;15;AS;Asiatic Russia;34;18
RD;15;AS;Asiatic Russia;34;19
RD;15;AS;Asiatic Russia;34;23
RD;15;AS;Asiatic Russia;35;16
RD;15;AS;Asiatic Russia;35;17
RD;15;AS;Asiatic Russia;35;18
RD;15;AS;Asiatic Russia;35;19
RD;15;AS;Asiatic Russia;35;23
RD;15;AS;Asiatic Russia;75;16
RD;15;AS;Asiatic Russia;75;17
RD;15;AS;Asiatic Russia;75;18
RD;15;AS;Asiatic Russia;75;19
RD;15;AS;Asiatic Russia;75;23
RD;54;EU;European Russia;19;16
RD;54;EU;European Russia;20;16
RD;54;EU;European Russia;29;16
RD;54;EU;European Russia;30;16
RE;15;AS;Asiatic Russia;20;16
RE;15;AS;Asiatic Russia;20;17
RE;15;AS;Asiatic Russia;20;18
RE;15;AS;Asiatic Russia;20;19
RE;15;AS;Asiatic Russia;20;23
RE;15;AS;Asiatic Russia;21;16
RE;15;AS;Asiatic Russia;21;17
RE;15;AS;Asiatic Russia;21;18
RE;15;AS;Asiatic Russia;21;19
RE;15;AS;Asiatic Russia;21;23
RE;15;AS;Asiatic Russia;22;16
RE;15;AS;Asiatic Russia;22;17
RE;15;AS;Asiatic Russia;22;18
RE;15;AS;Asiatic Russia;22;19
RE;15;AS;Asiatic Russia;22;23
RE;15;AS;Asiatic Russia;23;16
RE;15;AS;Asiatic Russia;23;17
RE;15;AS;Asiatic Russia;23;18
RE;15;AS;Asiatic Russia;23;19
RE;15;AS;Asiatic Russia;23;23
RE;15;AS;Asiatic Russia;24;16
RE;15;AS;Asiatic Russia;24;17
RE;15;AS;Asiatic Russia;24;18
RE;15;AS;Asiatic Russia;24;19
RE;15;AS;Asiatic Russia;24;23
RE;15;AS;Asiatic Russia;25;16
RE;15;AS;Asiatic Russia;25;17
RE;15;AS;Asiatic Russia;25;18
RE;15;AS;Asiatic Russia;25;19
RE;15;AS;Asiatic Russia;25;23
RE;15;AS;Asiatic Russia;26;16
RE;15;AS;Asiatic Russia;26;17
RE;15;AS;Asiatic Russia;26;18
RE;15;AS;Asiatic Russia;26;19
RE;15;AS;Asiatic Russia;26;23
RE;15;AS;Asiatic Russia;30;16
RE;15;AS;Asiatic Russia;30;17
RE;15;AS;Asiatic Russia;30;18
RE;15;AS;Asiatic Russia;30;19
RE;15;AS;Asiatic Russia;30;23
RE;15;AS;Asiatic Russia;31;16
RE;15;AS;Asiatic Russia;31;17
RE;15;AS;Asiatic Russia;31;18
RE;15;AS;Asiatic Russia;31;19
RE;15;AS;Asiatic Russia;31;23
RE;15;AS;Asiatic Russia;32;16
RE;15;AS;Asiatic Russia;32;17
RE;15;AS;Asiatic Russia;32;18
RE;15;AS;Asiatic Russia;32;19
RE;15;AS;Asiatic Russia;32;23
RE;15;AS;Asiatic Russia;33;16
RE;15;AS;Asiatic Russia;33;17
RE;15;AS;Asiatic Russia;33;18
RE;15;AS;Asiatic Russia;33;19
RE;15;AS;Asiatic Russia;33;23
RE;15;AS;Asiatic Russia;34;16
RE;15;AS;Asiatic Russia;34;17
RE;15;AS;Asiatic Russia;34;18
RE;15;AS;Asiatic Russia;34;19
RE;15;AS;Asiatic Russia;34;23
RE;15;AS;Asiatic Russia;35;16
RE;15;AS;Asiatic Russia;35;17
RE;15;AS;Asiatic Russia;35;18
RE;15;AS;Asiatic Russia;35;19
RE;15;AS;Asiatic Russia;35;23
RE;15;AS;Asiatic Russia;75;16
RE;15;AS;Asiatic Russia;75;17
RE;15;AS;Asiatic Russia;75;18
RE;15;AS;Asiatic Russia;75;19
RE;15;AS;Asiatic Russia;75;23
RE;54;EU;European Russia;19;16
RE;54;EU;European Russia;20;16
RE;54;EU;European Russia;29;16
RE;54;EU;European Russia;30;16
RF;15;AS;Asiatic Russia;20;16
RF;15;AS;Asiatic Russia;20;17
RF;15;AS;Asiatic Russia;20;18
RF;15;AS;Asiatic Russia;20;19
RF;15;AS;Asiatic Russia;20;23
RF;15;AS;Asiatic Russia;21;16
RF;15;AS;Asiatic Russia;21;17
RF;15;AS;Asiatic Russia;21;18
RF;15;AS;Asiatic Russia;21;19
RF;15;AS;Asiatic Russia;21;23
RF;15;AS;Asiatic Russia;22;16
RF;15;AS;Asiatic Russia;22;17
RF;15;AS;Asiatic Russia;22;18
RF;15;AS;Asiatic Russia;22;19
RF;15;AS;Asiatic Russia;22;23
RF;15;AS;Asiatic Russia;23;16
RF;15;AS;Asiatic Russia;23;17
RF;15;AS;Asiatic Russia;23;18
RF;15;AS;Asiatic Russia;23;19
RF;15;AS;Asiatic Russia;23;23
RF;15;AS;Asiatic Russia;24;16
RF;15;AS;Asiatic Russia;24;17
RF;15;AS;Asiatic Russia;24;18
RF;15;AS;Asiatic Russia;24;19
RF;15;AS;Asiatic Russia;24;23
RF;15;AS;Asiatic Russia;25;16
RF;15;AS;Asiatic Russia;25;17
RF;15;AS;Asiatic Russia;25;18
RF;15;AS;Asiatic Russia;25;19
RF;15;AS;Asiatic Russia;25;23
RF;15;AS;Asiatic Russia;26;16
RF;15;AS;Asiatic Russia;26;17
RF;15;AS;Asiatic Russia;26;18
RF;15;AS;Asiatic Russia;26;19
RF;15;AS;Asiatic Russia;26;23
RF;15;AS;Asiatic Russia;30;16
RF;15;AS;Asiatic Russia;30;17
RF;15;AS;Asiatic Russia;30;18
RF;15;AS;Asiatic Russia;30;19
RF;15;AS;Asiatic Russia;30;23
RF;15;AS;Asiatic Russia;31;16
RF;15;AS;Asiatic Russia;31;17
RF;15;AS;Asiatic Russia;31;18
RF;15;AS;Asiatic Russia;31;19
RF;15;AS;Asiatic Russia;31;23
RF;15;AS;Asiatic Russia;32;16
RF;15;AS;Asiatic Russia;32;17
RF;15;AS;Asiatic Russia;32;18
RF;15;AS;Asiatic Russia;32;19
RF;15;AS;Asiatic Russia;32;23
RF;15;AS;Asiatic Russia;33;16
RF;15;AS;Asiatic Russia;33;17
RF;15;AS;Asiatic Russia;33;18
RF;15;AS;Asiatic Russia;33;19
RF;15;AS;Asiatic Russia;33;23
RF;15;AS;Asiatic Russia;34;16
RF;15;AS;Asiatic Russia;34;17
RF;15;AS;Asiatic Russia;34;18
RF;15;AS;Asiatic Russia;34;19
RF;15;AS;Asiatic Russia;34;23
RF;15;AS;Asiatic Russia;35;16
RF;15;AS;Asiatic Russia;35;17
RF;15;AS;Asiatic Russia;35;18
RF;15;AS;Asiatic Russia;35;19
RF;15;AS;Asiatic Russia;35;23
RF;15;AS;Asiatic Russia;75;16
RF;15;AS;Asiatic Russia;75;17
RF;15;AS;Asiatic Russia;75;18
RF;15;AS;Asiatic Russia;75;19
RF;15;AS;Asiatic Russia;75;23
RF;54;EU;European Russia;19;16
RF;54;EU;European Russia;20;16
RF;54;EU;European Russia;29;16
RF;54;EU;European Russia;30;16
RG;15;AS;Asiatic Russia;20;16
RG;15;AS;Asiatic Russia;20;17
RG;15;AS;Asiatic Russia;20;18
RG;15;AS;Asiatic Russia;20;19
RG;15;AS;Asiatic Russia;20;23
RG;15;AS;Asiatic Russia;21;16
RG;15;AS;Asiatic Russia;21;17
RG;15;AS;Asiatic Russia;21;18
RG;15;AS;Asiatic Russia;21;19
RG;15;AS;Asiatic Russia;21;23
RG;15;AS;Asiatic Russia;22;16
RG;15;AS;Asiatic Russia;22;17
RG;15;AS;Asiatic Russia;22;18
RG;15;AS;Asiatic Russia;22;19
RG;15;AS;Asiatic Russia;22;23
RG;15;AS;Asiatic Russia;23;16
RG;15;AS;Asiatic Russia;23;17
RG;15;AS;Asiatic Russia;23;18
RG;15;AS;Asiatic Russia;23;19
RG;15;AS;Asiatic Russia;23;23
RG;15;AS;Asiatic Russia;24;16
RG;15;AS;Asiatic Russia;24;17
RG;15;AS;Asiatic Russia;24;18
RG;15;AS;Asiatic Russia;24;19
RG;15;AS;Asiatic Russia;24;23
RG;15;AS;Asiatic Russia;25;16
RG;15;AS;Asiatic Russia;25;17
RG;15;AS;Asiatic Russia;25;18
RG;15;AS;Asiatic Russia;25;19
RG;15;AS;Asiatic Russia;25;23
RG;15;AS;Asiatic Russia;26;16
RG;15;AS;Asiatic Russia;26;17
RG;15;AS;Asiatic Russia;26;18
RG;15;AS;Asiatic Russia;26;19
RG;15;AS;Asiatic Russia;26;23
RG;15;AS;Asiatic Russia;30;16
RG;15;AS;Asiatic Russia;30;17
RG;15;AS;Asiatic Russia;30;18
RG;15;AS;Asiatic Russia;30;19
RG;15;AS;Asiatic Russia;30;23
RG;15;AS;Asiatic Russia;31;16
RG;15;AS;Asiatic Russia;31;17
RG;15;AS;Asiatic Russia;31;18
RG;15;AS;Asiatic Russia;31;19
RG;15;AS;Asiatic Russia;31;23
RG;15;AS;Asiatic Russia;32;16
RG;15;AS;Asiatic Russia;32;17
RG;15;AS;Asiatic Russia;32;18
RG;15;AS;Asiatic Russia;32;19
RG;15;AS;Asiatic Russia;32;23
RG;15;AS;Asiatic Russia;33;16
RG;15;AS;Asiatic Russia;33;17
RG;15;AS;Asiatic Russia;33;18
RG;15;AS;Asiatic Russia;33;19
RG;15;AS;Asiatic Russia;33;23
RG;15;AS;Asiatic Russia;34;16
RG;15;AS;Asiatic Russia;34;17
RG;15;AS;Asiatic Russia;34;18
RG;15;AS;Asiatic Russia;34;19
RG;15;AS;Asiatic Russia;34;23
RG;15;AS;Asiatic Russia;35;16
RG;15;AS;Asiatic Russia;35;17
RG;15;AS;Asiatic Russia;35;18
RG;15;AS;Asiatic Russia;35;19
RG;15;AS;Asiatic Russia;35;23
RG;15;AS;Asiatic Russia;75;16
RG;15;AS;Asiatic Russia;75;17
RG;15;AS;Asiatic Russia;75;18
RG;15;AS;Asiatic Russia;75;19
RG;15;AS;Asiatic Russia;75;23
RG;54;EU;European Russia;19;16
RG;54;EU;European Russia;20;16
RG;54;EU;European Russia;29;16
RG;54;EU;European Russia;30;16
RH;15;AS;Asiatic Russia;20;16
RH;15;AS;Asiatic Russia;20;17
RH;15;AS;Asiatic Russia;20;18
RH;15;AS;Asiatic Russia;20;19
RH;15;AS;Asiatic Russia;20;23
RH;15;AS;Asiatic Russia;21;16
RH;15;AS;Asiatic Russia;21;17
RH;15;AS;Asiatic Russia;21;18
RH;15;AS;Asiatic Russia;21;19
RH;15;AS;Asiatic Russia;21;23
RH;15;AS;Asiatic Russia;22;16
RH;15;AS;Asiatic Russia;22;17
RH;15;AS;Asiatic Russia;22;18
RH;15;AS;Asiatic Russia;22;19
RH;15;AS;Asiatic Russia;22;23
RH;15;AS;Asiatic Russia;23;16
RH;15;AS;Asiatic Russia;23;17
RH;15;AS;Asiatic Russia;23;18
RH;15;AS;Asiatic Russia;23;19
RH;15;AS;Asiatic Russia;23;23
RH;15;AS;Asiatic Russia;24;16
RH;15;AS;Asiatic Russia;24;17
RH;15;AS;Asiatic Russia;24;18
RH;15;AS;Asiatic Russia;24;19
RH;15;AS;Asiatic Russia;24;23
RH;15;AS;Asiatic Russia;25;16
RH;15;AS;Asiatic Russia;25;17
RH;15;AS;Asiatic Russia;25;18
RH;15;AS;Asiatic Russia;25;19
RH;15;AS;Asiatic Russia;25;23
RH;15;AS;Asiatic Russia;26;16
RH;15;AS;Asiatic Russia;26;17
RH;15;AS;Asiatic Russia;26;18
RH;15;AS;Asiatic Russia;26;19
RH;15;AS;Asiatic Russia;26;23
RH;15;AS;Asiatic Russia;30;16
RH;15;AS;Asiatic Russia;30;17
RH;15;AS;Asiatic Russia;30;18
RH;15;AS;Asiatic Russia;30;19
RH;15;AS;Asiatic Russia;30;23
RH;15;AS;Asiatic Russia;31;16
RH;15;AS;Asiatic Russia;31;17
RH;15;AS;Asiatic Russia;31;18
RH;15;AS;Asiatic Russia;31;19
RH;15;AS;Asiatic Russia;31;23
RH;15;AS;Asiatic Russia;32;16
RH;15;AS;Asiatic Russia;32;17
RH;15;AS;Asiatic Russia;32;18
RH;15;AS;Asiatic Russia;32;19
RH;15;AS;Asiatic Russia;32;23
RH;15;AS;Asiatic Russia;33;16
RH;15;AS;Asiatic Russia;33;17
RH;15;AS;Asiatic Russia;33;18
RH;15;AS;Asiatic Russia;33;19
RH;15;AS;Asiatic Russia;33;23
RH;15;AS;Asiatic Russia;34;16
RH;15;AS;Asiatic Russia;34;17
RH;15;AS;Asiatic Russia;34;18
RH;15;AS;Asiatic Russia;34;19
RH;15;AS;Asiatic Russia;34;23
RH;15;AS;Asiatic Russia;35;16
RH;15;AS;Asiatic Russia;35;17
RH;15;AS;Asiatic Russia;35;18
RH;15;AS;Asiatic Russia;35;19
RH;15;AS;Asiatic Russia;35;23
RH;15;AS;Asiatic Russia;75;16
RH;15;AS;Asiatic Russia;75;17
RH;15;AS;Asiatic Russia;75;18
RH;15;AS;Asiatic Russia;75;19
RH;15;AS;Asiatic Russia;75;23
RH;54;EU;European Russia;19;16
RH;54;EU;European Russia;20;16
RH;54;EU;European Russia;29;16
RH;54;EU;European Russia;30;16
RI;15;AS;Asiatic Russia;20;16
RI;15;AS;Asiatic Russia;20;17
RI;15;AS;Asiatic Russia;20;18
RI;15;AS;Asiatic Russia;20;19
RI;15;AS;Asiatic Russia;20;23
RI;15;AS;Asiatic Russia;21;16
RI;15;AS;Asiatic Russia;21;17
RI;15;AS;Asiatic Russia;21;18
RI;15;AS;Asiatic Russia;21;19
RI;15;AS;Asiatic Russia;21;23
RI;15;AS;Asiatic Russia;22;16
RI;15;AS;Asiatic Russia;22;17
RI;15;AS;Asiatic Russia;22;18
RI;15;AS;Asiatic Russia;22;19
RI;15;AS;Asiatic Russia;22;23
RI;15;AS;Asiatic Russia;23;16
RI;15;AS;Asiatic Russia;23;17
RI;15;AS;Asiatic Russia;23;18
RI;15;AS;Asiatic Russia;23;19
RI;15;AS;Asiatic Russia;23;23
RI;15;AS;Asiatic Russia;24;16
RI;15;AS;Asiatic Russia;24;17
RI;15;AS;Asiatic Russia;24;18
RI;15;AS;Asiatic Russia;24;19
RI;15;AS;Asiatic Russia;24;23
RI;15;AS;Asiatic Russia;25;16
RI;15;AS;Asiatic Russia;25;17
RI;15;AS;Asiatic Russia;25;18
RI;15;AS;Asiatic Russia;25;19
RI;15;AS;Asiatic Russia;25;23
RI;15;AS;Asiatic Russia;26;16
RI;15;AS;Asiatic Russia;26;17
RI;15;AS;Asiatic Russia;26;18
RI;15;AS;Asiatic Russia;26;19
RI;15;AS;Asiatic Russia;26;23
RI;15;AS;Asiatic Russia;30;16
RI;15;AS;Asiatic Russia;30;17
RI;15;AS;Asiatic Russia;30;18
RI;15;AS;Asiatic Russia;30;19
RI;15;AS;Asiatic Russia;30;23
RI;15;AS;Asiatic Russia;31;16
RI;15;AS;Asiatic Russia;31;17
RI;15;AS;Asiatic Russia;31;18
RI;15;AS;Asiatic Russia;31;19
RI;15;AS;Asiatic Russia;31;23
RI;15;AS;Asiatic Russia;32;16
RI;15;AS;Asiatic Russia;32;17
RI;15;AS;Asiatic Russia;32;18
RI;15;AS;Asiatic Russia;32;19
RI;15;AS;Asiatic Russia;32;23
RI;15;AS;Asiatic Russia;33;16
RI;15;AS;Asiatic Russia;33;17
RI;15;AS;Asiatic Russia;33;18
RI;15;AS;Asiatic Russia;33;19
RI;15;AS;Asiatic Russia;33;23
RI;15;AS;Asiatic Russia;34;16
RI;15;AS;Asiatic Russia;34;17
RI;15;AS;Asiatic Russia;34;18
RI;15;AS;Asiatic Russia;34;19
RI;15;AS;Asiatic Russia;34;23
RI;15;AS;Asiatic Russia;35;16
RI;15;AS;Asiatic Russia;35;17
RI;15;AS;Asiatic Russia;35;18
RI;15;AS;Asiatic Russia;35;19
RI;15;AS;Asiatic Russia;35;23
RI;15;AS;Asiatic Russia;75;16
RI;15;AS;Asiatic Russia;75;17
RI;15;AS;Asiatic Russia;75;18
RI;15;AS;Asiatic Russia;75;19
RI;15;AS;Asiatic Russia;75;23
RI;54;EU;European Russia;19;16
RI;54;EU;European Russia;20;16
RI;54;EU;European Russia;29;16
RI;54;EU;European Russia;30;16
RJ;15;AS;Asiatic Russia;20;16
RJ;15;AS;Asiatic Russia;20;17
RJ;15;AS;Asiatic Russia;20;18
RJ;15;AS;Asiatic Russia;20;19
RJ;15;AS;Asiatic Russia;20;23
RJ;15;AS;Asiatic Russia;21;16
RJ;15;AS;Asiatic Russia;21;17
RJ;15;AS;Asiatic Russia;21;18
RJ;15;AS;Asiatic Russia;21;19
RJ;15;AS;Asiatic Russia;21;23
RJ;15;AS;Asiatic Russia;22;16
RJ;15;AS;Asiatic Russia;22;17
RJ;15;AS;Asiatic Russia;22;18
RJ;15;AS;Asiatic Russia;22;19
RJ;15;AS;Asiatic Russia;22;23
RJ;15;AS;Asiatic Russia;23;16
RJ;15;AS;Asiatic Russia;23;17
RJ;15;AS;Asiatic Russia;23;18
RJ;15;AS;Asiatic Russia;23;19
RJ;15;AS;Asiatic Russia;23;23
RJ;15;AS;Asiatic Russia;24;16
RJ;15;AS;Asiatic Russia;24;17
RJ;15;AS;Asiatic Russia;24;18
RJ;15;AS;Asiatic Russia;24;19
RJ;15;AS;Asiatic Russia;24;23
RJ;15;AS;Asiatic Russia;25;16
RJ;15;AS;Asiatic Russia;25;17
RJ;15;AS;Asiatic Russia;25;18
RJ;15;AS;Asiatic Russia;25;19
RJ;15;AS;Asiatic Russia;25;23
RJ;15;AS;Asiatic Russia;26;16
RJ;15;AS;Asiatic Russia;26;17
RJ;15;AS;Asiatic Russia;26;18
RJ;15;AS;Asiatic Russia;26;19
RJ;15;AS;Asiatic Russia;26;23
RJ;15;AS;Asiatic Russia;30;16
RJ;15;AS;Asiatic Russia;30;17
RJ;15;AS;Asiatic Russia;30;18
RJ;15;AS;Asiatic Russia;30;19
RJ;15;AS;Asiatic Russia;30;23
RJ;15;AS;Asiatic Russia;31;16
RJ;15;AS;Asiatic Russia;31;17
RJ;15;AS;Asiatic Russia;31;18
RJ;15;AS;Asiatic Russia;31;19
RJ;15;AS;Asiatic Russia;31;23
RJ;15;AS;Asiatic Russia;32;16
RJ;15;AS;Asiatic Russia;32;17
RJ;15;AS;Asiatic Russia;32;18
RJ;15;AS;Asiatic Russia;32;19
RJ;15;AS;Asiatic Russia;32;23
RJ;15;AS;Asiatic Russia;33;16
RJ;15;AS;Asiatic Russia;33;17
RJ;15;AS;Asiatic Russia;33;18
RJ;15;AS;Asiatic Russia;33;19
RJ;15;AS;Asiatic Russia;33;23
RJ;15;AS;Asiatic Russia;34;16
RJ;15;AS;Asiatic Russia;34;17
RJ;15;AS;Asiatic Russia;34;18
RJ;15;AS;Asiatic Russia;34;19
RJ;15;AS;Asiatic Russia;34;23
RJ;15;AS;Asiatic Russia;35;16
RJ;15;AS;Asiatic Russia;35;17
RJ;15;AS;Asiatic Russia;35;18
RJ;15;AS;Asiatic Russia;35;19
RJ;15;AS;Asiatic Russia;35;23
RJ;15;AS;Asiatic Russia;75;16
RJ;15;AS;Asiatic Russia;75;17
RJ;15;AS;Asiatic Russia;75;18
RJ;15;AS;Asiatic Russia;75;19
RJ;15;AS;Asiatic Russia;75;23
RJ;54;EU;European Russia;19;16
RJ;54;EU;European Russia;20;16
RJ;54;EU;European Russia;29;16
RJ;54;EU;European Russia;30;16
RK;15;AS;Asiatic Russia;20;16
RK;15;AS;Asiatic Russia;20;17
RK;15;AS;Asiatic Russia;20;18
RK;15;AS;Asiatic Russia;20;19
RK;15;AS;Asiatic Russia;20;23
RK;15;AS;Asiatic Russia;21;16
RK;15;AS;Asiatic Russia;21;17
RK;15;AS;Asiatic Russia;21;18
RK;15;AS;Asiatic Russia;21;19
RK;15;AS;Asiatic Russia;21;23
RK;15;AS;Asiatic Russia;22;16
RK;15;AS;Asiatic Russia;22;17
RK;15;AS;Asiatic Russia;22;18
RK;15;AS;Asiatic Russia;22;19
RK;15;AS;Asiatic Russia;22;23
RK;15;AS;Asiatic Russia;23;16
RK;15;AS;Asiatic Russia;23;17
RK;15;AS;Asiatic Russia;23;18
RK;15;AS;Asiatic Russia;23;19
RK;15;AS;Asiatic Russia;23;23
RK;15;AS;Asiatic Russia;24;16
RK;15;AS;Asiatic Russia;24;17
RK;15;AS;Asiatic Russia;24;18
RK;15;AS;Asiatic Russia;24;19
RK;15;AS;Asiatic Russia;24;23
RK;15;AS;Asiatic Russia;25;16
RK;15;AS;Asiatic Russia;25;17
RK;15;AS;Asiatic Russia;25;18
RK;15;AS;Asiatic Russia;25;19
RK;15;AS;Asiatic Russia;25;23
RK;15;AS;Asiatic Russia;26;16
RK;15;AS;Asiatic Russia;26;17
RK;15;AS;Asiatic Russia;26;18
RK;15;AS;Asiatic Russia;26;19
RK;15;AS;Asiatic Russia;26;23
RK;15;AS;Asiatic Russia;30;16
RK;15;AS;Asiatic Russia;30;17
RK;15;AS;Asiatic Russia;30;18
RK;15;AS;Asiatic Russia;30;19
RK;15;AS;Asiatic Russia;30;23
RK;15;AS;Asiatic Russia;31;16
RK;15;AS;Asiatic Russia;31;17
RK;15;AS;Asiatic Russia;31;18
RK;15;AS;Asiatic Russia;31;19
RK;15;AS;Asiatic Russia;31;23
RK;15;AS;Asiatic Russia;32;16
RK;15;AS;Asiatic Russia;32;17
RK;15;AS;Asiatic Russia;32;18
RK;15;AS;Asiatic Russia;32;19
RK;15;AS;Asiatic Russia;32;23
RK;15;AS;Asiatic Russia;33;16
RK;15;AS;Asiatic Russia;33;17
RK;15;AS;Asiatic Russia;33;18
RK;15;AS;Asiatic Russia;33;19
RK;15;AS;Asiatic Russia;33;23
RK;15;AS;Asiatic Russia;34;16
RK;15;AS;Asiatic Russia;34;17
RK;15;AS;Asiatic Russia;34;18
RK;15;AS;Asiatic Russia;34;19
RK;15;AS;Asiatic Russia;34;23
RK;15;AS;Asiatic Russia;35;16
RK;15;AS;Asiatic Russia;35;17
RK;15;AS;Asiatic Russia;35;18
RK;15;AS;Asiatic Russia;35;19
RK;15;AS;Asiatic Russia;35;23
RK;15;AS;Asiatic Russia;75;16
RK;15;AS;Asiatic Russia;75;17
RK;15;AS;Asiatic Russia;75;18
RK;15;AS;Asiatic Russia;75;19
RK;15;AS;Asiatic Russia;75;23
RK;54;EU;European Russia;19;16
RK;54;EU;European Russia;20;16
RK;54;EU;European Russia;29;16
RK;54;EU;European Russia;30;16
RL;15;AS;Asiatic Russia;20;16
RL;15;AS;Asiatic Russia;20;17
RL;15;AS;Asiatic Russia;20;18
RL;15;AS;Asiatic Russia;20;19
RL;15;AS;Asiatic Russia;20;23
RL;15;AS;Asiatic Russia;21;16
RL;15;AS;Asiatic Russia;21;17
RL;15;AS;Asiatic Russia;21;18
RL;15;AS;Asiatic Russia;21;19
RL;15;AS;Asiatic Russia;21;23
RL;15;AS;Asiatic Russia;22;16
RL;15;AS;Asiatic Russia;22;17
RL;15;AS;Asiatic Russia;22;18
RL;15;AS;Asiatic Russia;22;19
RL;15;AS;Asiatic Russia;22;23
RL;15;AS;Asiatic Russia;23;16
RL;15;AS;Asiatic Russia;23;17
RL;15;AS;Asiatic Russia;23;18
RL;15;AS;Asiatic Russia;23;19
RL;15;AS;Asiatic Russia;23;23
RL;15;AS;Asiatic Russia;24;16
RL;15;AS;Asiatic Russia;24;17
RL;15;AS;Asiatic Russia;24;18
RL;15;AS;Asiatic Russia;24;19
RL;15;AS;Asiatic Russia;24;23
RL;15;AS;Asiatic Russia;25;16
RL;15;AS;Asiatic Russia;25;17
RL;15;AS;Asiatic Russia;25;18
RL;15;AS;Asiatic Russia;25;19
RL;15;AS;Asiatic Russia;25;23
RL;15;AS;Asiatic Russia;26;16
RL;15;AS;Asiatic Russia;26;17
RL;15;AS;Asiatic Russia;26;18
RL;15;AS;Asiatic Russia;26;19
RL;15;AS;Asiatic Russia;26;23
RL;15;AS;Asiatic Russia;30;16
RL;15;AS;Asiatic Russia;30;17
RL;15;AS;Asiatic Russia;30;18
RL;15;AS;Asiatic Russia;30;19
RL;15;AS;Asiatic Russia;30;23
RL;15;AS;Asiatic Russia;31;16
RL;15;AS;Asiatic Russia;31;17
RL;15;AS;Asiatic Russia;31;18
RL;15;AS;Asiatic Russia;31;19
RL;15;AS;Asiatic Russia;31;23
RL;15;AS;Asiatic Russia;32;16
RL;15;AS;Asiatic Russia;32;17
RL;15;AS;Asiatic Russia;32;18
RL;15;AS;Asiatic Russia;32;19
RL;15;AS;Asiatic Russia;32;23
RL;15;AS;Asiatic Russia;33;16
RL;15;AS;Asiatic Russia;33;17
RL;15;AS;Asiatic Russia;33;18
RL;15;AS;Asiatic Russia;33;19
RL;15;AS;Asiatic Russia;33;23
RL;15;AS;Asiatic Russia;34;16
RL;15;AS;Asiatic Russia;34;17
RL;15;AS;Asiatic Russia;34;18
RL;15;AS;Asiatic Russia;34;19
RL;15;AS;Asiatic Russia;34;23
RL;15;AS;Asiatic Russia;35;16
RL;15;AS;Asiatic Russia;35;17
RL;15;AS;Asiatic Russia;35;18
RL;15;AS;Asiatic Russia;35;19
RL;15;AS;Asiatic Russia;35;23
RL;15;AS;Asiatic Russia;75;16
RL;15;AS;Asiatic Russia;75;17
RL;15;AS;Asiatic Russia;75;18
RL;15;AS;Asiatic Russia;75;19
RL;15;AS;Asiatic Russia;75;23
RL;54;EU;European Russia;19;16
RL;54;EU;European Russia;20;16
RL;54;EU;European Russia;29;16
RL;54;EU;European Russia;30;16
RM;15;AS;Asiatic Russia;20;16
RM;15;AS;Asiatic Russia;20;17
RM;15;AS;Asiatic Russia;20;18
RM;15;AS;Asiatic Russia;20;19
RM;15;AS;Asiatic Russia;20;23
RM;15;AS;Asiatic Russia;21;16
RM;15;AS;Asiatic Russia;21;17
RM;15;AS;Asiatic Russia;21;18
RM;15;AS;Asiatic Russia;21;19
RM;15;AS;Asiatic Russia;21;23
RM;15;AS;Asiatic Russia;22;16
RM;15;AS;Asiatic Russia;22;17
RM;15;AS;Asiatic Russia;22;18
RM;15;AS;Asiatic Russia;22;19
RM;15;AS;Asiatic Russia;22;23
RM;15;AS;Asiatic Russia;23;16
RM;15;AS;Asiatic Russia;23;17
RM;15;AS;Asiatic Russia;23;18
RM;15;AS;Asiatic Russia;23;19
RM;15;AS;Asiatic Russia;23;23
RM;15;AS;Asiatic Russia;24;16
RM;15;AS;Asiatic Russia;24;17
RM;15;AS;Asiatic Russia;24;18
RM;15;AS;Asiatic Russia;24;19
RM;15;AS;Asiatic Russia;24;23
RM;15;AS;Asiatic Russia;25;16
RM;15;AS;Asiatic Russia;25;17
RM;15;AS;Asiatic Russia;25;18
RM;15;AS;Asiatic Russia;25;19
RM;15;AS;Asiatic Russia;25;23
RM;15;AS;Asiatic Russia;26;16
RM;15;AS;Asiatic Russia;26;17
RM;15;AS;Asiatic Russia;26;18
RM;15;AS;Asiatic Russia;26;19
RM;15;AS;Asiatic Russia;26;23
RM;15;AS;Asiatic Russia;30;16
RM;15;AS;Asiatic Russia;30;17
RM;15;AS;Asiatic Russia;30;18
RM;15;AS;Asiatic Russia;30;19
RM;15;AS;Asiatic Russia;30;23
RM;15;AS;Asiatic Russia;31;16
RM;15;AS;Asiatic Russia;31;17
RM;15;AS;Asiatic Russia;31;18
RM;15;AS;Asiatic Russia;31;19
RM;15;AS;Asiatic Russia;31;23
RM;15;AS;Asiatic Russia;32;16
RM;15;AS;Asiatic Russia;32;17
RM;15;AS;Asiatic Russia;32;18
RM;15;AS;Asiatic Russia;32;19
RM;15;AS;Asiatic Russia;32;23
RM;15;AS;Asiatic Russia;33;16
RM;15;AS;Asiatic Russia;33;17
RM;15;AS;Asiatic Russia;33;18
RM;15;AS;Asiatic Russia;33;19
RM;15;AS;Asiatic Russia;33;23
RM;15;AS;Asiatic Russia;34;16
RM;15;AS;Asiatic Russia;34;17
RM;15;AS;Asiatic Russia;34;18
RM;15;AS;Asiatic Russia;34;19
RM;15;AS;Asiatic Russia;34;23
RM;15;AS;Asiatic Russia;35;16
RM;15;AS;Asiatic Russia;35;17
RM;15;AS;Asiatic Russia;35;18
RM;15;AS;Asiatic Russia;35;19
RM;15;AS;Asiatic Russia;35;23
RM;15;AS;Asiatic Russia;75;16
RM;15;AS;Asiatic Russia;75;17
RM;15;AS;Asiatic Russia;75;18
RM;15;AS;Asiatic Russia;75;19
RM;15;AS;Asiatic Russia;75;23
RM;54;EU;European Russia;19;16
RM;54;EU;European Russia;20;16
RM;54;EU;European Russia;29;16
RM;54;EU;European Russia;30;16
RM1V;151;EU;Malyj Vysotskij Is;29;16
RN;15;AS;Asiatic Russia;20;16
RN;15;AS;Asiatic Russia;20;17
RN;15;AS;Asiatic Russia;20;18
RN;15;AS;Asiatic Russia;20;19
RN;15;AS;Asiatic Russia;20;23
RN;15;AS;Asiatic Russia;21;16
RN;15;AS;Asiatic Russia;21;17
RN;15;AS;Asiatic Russia;21;18
RN;15;AS;Asiatic Russia;21;19
RN;15;AS;Asiatic Russia;21;23
RN;15;AS;Asiatic Russia;22;16
RN;15;AS;Asiatic Russia;22;17
RN;15;AS;Asiatic Russia;22;18
RN;15;AS;Asiatic Russia;22;19
RN;15;AS;Asiatic Russia;22;23
RN;15;AS;Asiatic Russia;23;16
RN;15;AS;Asiatic Russia;23;17
RN;15;AS;Asiatic Russia;23;18
RN;15;AS;Asiatic Russia;23;19
RN;15;AS;Asiatic Russia;23;23
RN;15;AS;Asiatic Russia;24;16
RN;15;AS;Asiatic Russia;24;17
RN;15;AS;Asiatic Russia;24;18
RN;15;AS;Asiatic Russia;24;19
RN;15;AS;Asiatic Russia;24;23
RN;15;AS;Asiatic Russia;25;16
RN;15;AS;Asiatic Russia;25;17
RN;15;AS;Asiatic Russia;25;18
RN;15;AS;Asiatic Russia;25;19
RN;15;AS;Asiatic Russia;25;23
RN;15;AS;Asiatic Russia;26;16
RN;15;AS;Asiatic Russia;26;17
RN;15;AS;Asiatic Russia;26;18
RN;15;AS;Asiatic Russia;26;19
RN;15;AS;Asiatic Russia;26;23
RN;15;AS;Asiatic Russia;30;16
RN;15;AS;Asiatic Russia;30;17
RN;15;AS;Asiatic Russia;30;18
RN;15;AS;Asiatic Russia;30;19
RN;15;AS;Asiatic Russia;30;23
RN;15;AS;Asiatic Russia;31;16
RN;15;AS;Asiatic Russia;31;17
RN;15;AS;Asiatic Russia;31;18
RN;15;AS;Asiatic Russia;31;19
RN;15;AS;Asiatic Russia;31;23
RN;15;AS;Asiatic Russia;32;16
RN;15;AS;Asiatic Russia;32;17
RN;15;AS;Asiatic Russia;32;18
RN;15;AS;Asiatic Russia;32;19
RN;15;AS;Asiatic Russia;32;23
RN;15;AS;Asiatic Russia;33;16
RN;15;AS;Asiatic Russia;33;17
RN;15;AS;Asiatic Russia;33;18
RN;15;AS;Asiatic Russia;33;19
RN;15;AS;Asiatic Russia;33;23
RN;15;AS;Asiatic Russia;34;16
RN;15;AS;Asiatic Russia;34;17
RN;15;AS;Asiatic Russia;34;18
RN;15;AS;Asiatic Russia;34;19
RN;15;AS;Asiatic Russia;34;23
RN;15;AS;Asiatic Russia;35;16
RN;15;AS;Asiatic Russia;35;17
RN;15;AS;Asiatic Russia;35;18
RN;15;AS;Asiatic Russia;35;19
RN;15;AS;Asiatic Russia;35;23
RN;15;AS;Asiatic Russia;75;16
RN;15;AS;Asiatic Russia;75;17
RN;15;AS;Asiatic Russia;75;18
RN;15;AS;Asiatic Russia;75;19
RN;15;AS;Asiatic Russia;75;23
RN;54;EU;European Russia;19;16
RN;54;EU;European Russia;20;16
RN;54;EU;European Russia;29;16
RN;54;EU;European Russia;30;16
RO;15;AS;Asiatic Russia;20;16
RO;15;AS;Asiatic Russia;20;17
RO;15;AS;Asiatic Russia;20;18
RO;15;AS;Asiatic Russia;20;19
RO;15;AS;Asiatic Russia;20;23
RO;15;AS;Asiatic Russia;21;16
RO;15;AS;Asiatic Russia;21;17
RO;15;AS;Asiatic Russia;21;18
RO;15;AS;Asiatic Russia;21;19
RO;15;AS;Asiatic Russia;21;23
RO;15;AS;Asiatic Russia;22;16
RO;15;AS;Asiatic Russia;22;17
RO;15;AS;Asiatic Russia;22;18
RO;15;AS;Asiatic Russia;22;19
RO;15;AS;Asiatic Russia;22;23
RO;15;AS;Asiatic Russia;23;16
RO;15;AS;Asiatic Russia;23;17
RO;15;AS;Asiatic Russia;23;18
RO;15;AS;Asiatic Russia;23;19
RO;15;AS;Asiatic Russia;23;23
RO;15;AS;Asiatic Russia;24;16
RO;15;AS;Asiatic Russia;24;17
RO;15;AS;Asiatic Russia;24;18
RO;15;AS;Asiatic Russia;24;19
RO;15;AS;Asiatic Russia;24;23
RO;15;AS;Asiatic Russia;25;16
RO;15;AS;Asiatic Russia;25;17
RO;15;AS;Asiatic Russia;25;18
RO;15;AS;Asiatic Russia;25;19
RO;15;AS;Asiatic Russia;25;23
RO;15;AS;Asiatic Russia;26;16
RO;15;AS;Asiatic Russia;26;17
RO;15;AS;Asiatic Russia;26;18
RO;15;AS;Asiatic Russia;26;19
RO;15;AS;Asiatic Russia;26;23
RO;15;AS;Asiatic Russia;30;16
RO;15;AS;Asiatic Russia;30;17
RO;15;AS;Asiatic Russia;30;18
RO;15;AS;Asiatic Russia;30;19
RO;15;AS;Asiatic Russia;30;23
RO;15;AS;Asiatic Russia;31;16
RO;15;AS;Asiatic Russia;31;17
RO;15;AS;Asiatic Russia;31;18
RO;15;AS;Asiatic Russia;31;19
RO;15;AS;Asiatic Russia;31;23
RO;15;AS;Asiatic Russia;32;16
RO;15;AS;Asiatic Russia;32;17
RO;15;AS;Asiatic Russia;32;18
RO;15;AS;Asiatic Russia;32;19
RO;15;AS;Asiatic Russia;32;23
RO;15;AS;Asiatic Russia;33;16
RO;15;AS;Asiatic Russia;33;17
RO;15;AS;Asiatic Russia;33;18
RO;15;AS;Asiatic Russia;33;19
RO;15;AS;Asiatic Russia;33;23
RO;15;AS;Asiatic Russia;34;16
RO;15;AS;Asiatic Russia;34;17
RO;15;AS;Asiatic Russia;34;18
RO;15;AS;Asiatic Russia;34;19
RO;15;AS;Asiatic Russia;34;23
RO;15;AS;Asiatic Russia;35;16
RO;15;AS;Asiatic Russia;35;17
RO;15;AS;Asiatic Russia;35;18
RO;15;AS;Asiatic Russia;35;19
RO;15;AS;Asiatic Russia;35;23
RO;15;AS;Asiatic Russia;75;16
RO;15;AS;Asiatic Russia;75;17
RO;15;AS;Asiatic Russia;75;18
RO;15;AS;Asiatic Russia;75;19
RO;15;AS;Asiatic Russia;75;23
RO;54;EU;European Russia;19;16
RO;54;EU;European Russia;20;16
RO;54;EU;European Russia;29;16
RO;54;EU;European Russia;30;16
RP;15;AS;Asiatic Russia;20;16
RP;15;AS;Asiatic Russia;20;17
RP;15;AS;Asiatic Russia;20;18
RP;15;AS;Asiatic Russia;20;19
RP;15;AS;Asiatic Russia;20;23
RP;15;AS;Asiatic Russia;21;16
RP;15;AS;Asiatic Russia;21;17
RP;15;AS;Asiatic Russia;21;18
RP;15;AS;Asiatic Russia;21;19
RP;15;AS;Asiatic Russia;21;23
RP;15;AS;Asiatic Russia;22;16
RP;15;AS;Asiatic Russia;22;17
RP;15;AS;Asiatic Russia;22;18
RP;15;AS;Asiatic Russia;22;19
RP;15;AS;Asiatic Russia;22;23
RP;15;AS;Asiatic Russia;23;16
RP;15;AS;Asiatic Russia;23;17
RP;15;AS;Asiatic Russia;23;18
RP;15;AS;Asiatic Russia;23;19
RP;15;AS;Asiatic Russia;23;23
RP;15;AS;Asiatic Russia;24;16
RP;15;AS;Asiatic Russia;24;17
RP;15;AS;Asiatic Russia;24;18
RP;15;AS;Asiatic Russia;24;19
RP;15;AS;Asiatic Russia;24;23
RP;15;AS;Asiatic Russia;25;16
RP;15;AS;Asiatic Russia;25;17
RP;15;AS;Asiatic Russia;25;18
RP;15;AS;Asiatic Russia;25;19
RP;15;AS;Asiatic Russia;25;23
RP;15;AS;Asiatic Russia;26;16
RP;15;AS;Asiatic Russia;26;17
RP;15;AS;Asiatic Russia;26;18
RP;15;AS;Asiatic Russia;26;19
RP;15;AS;Asiatic Russia;26;23
RP;15;AS;Asiatic Russia;30;16
RP;15;AS;Asiatic Russia;30;17
RP;15;AS;Asiatic Russia;30;18
RP;15;AS;Asiatic Russia;30;19
RP;15;AS;Asiatic Russia;30;23
RP;15;AS;Asiatic Russia;31;16
RP;15;AS;Asiatic Russia;31;17
RP;15;AS;Asiatic Russia;31;18
RP;15;AS;Asiatic Russia;31;19
RP;15;AS;Asiatic Russia;31;23
RP;15;AS;Asiatic Russia;32;16
RP;15;AS;Asiatic Russia;32;17
RP;15;AS;Asiatic Russia;32;18
RP;15;AS;Asiatic Russia;32;19
RP;15;AS;Asiatic Russia;32;23
RP;15;AS;Asiatic Russia;33;16
RP;15;AS;Asiatic Russia;33;17
RP;15;AS;Asiatic Russia;33;18
RP;15;AS;Asiatic Russia;33;19
RP;15;AS;Asiatic Russia;33;23
RP;15;AS;Asiatic Russia;34;16
RP;15;AS;Asiatic Russia;34;17
RP;15;AS;Asiatic Russia;34;18
RP;15;AS;Asiatic Russia;34;19
RP;15;AS;Asiatic Russia;34;23
RP;15;AS;Asiatic Russia;35;16
RP;15;AS;Asiatic Russia;35;17
RP;15;AS;Asiatic Russia;35;18
RP;15;AS;Asiatic Russia;35;19
RP;15;AS;Asiatic Russia;35;23
RP;15;AS;Asiatic Russia;75;16
RP;15;AS;Asiatic Russia;75;17
RP;15;AS;Asiatic Russia;75;18
RP;15;AS;Asiatic Russia;75;19
RP;15;AS;Asiatic Russia;75;23
RP;54;EU;European Russia;19;16
RP;54;EU;European Russia;20;16
RP;54;EU;European Russia;29;16
RP;54;EU;European Russia;30;16
RQ;15;AS;Asiatic Russia;20;16
RQ;15;AS;Asiatic Russia;20;17
RQ;15;AS;Asiatic Russia;20;18
RQ;15;AS;Asiatic Russia;20;19
RQ;15;AS;Asiatic Russia;20;23
RQ;15;AS;Asiatic Russia;21;16
RQ;15;AS;Asiatic Russia;21;17
RQ;15;AS;Asiatic Russia;21;18
RQ;15;AS;Asiatic Russia;21;19
RQ;15;AS;Asiatic Russia;21;23
RQ;15;AS;Asiatic Russia;22;16
RQ;15;AS;Asiatic Russia;22;17
RQ;15;AS;Asiatic Russia;22;18
RQ;15;AS;Asiatic Russia;22;19
RQ;15;AS;Asiatic Russia;22;23
RQ;15;AS;Asiatic Russia;23;16
RQ;15;AS;Asiatic Russia;23;17
RQ;15;AS;Asiatic Russia;23;18
RQ;15;AS;Asiatic Russia;23;19
RQ;15;AS;Asiatic Russia;23;23
RQ;15;AS;Asiatic Russia;24;16
RQ;15;AS;Asiatic Russia;24;17
RQ;15;AS;Asiatic Russia;24;18
RQ;15;AS;Asiatic Russia;24;19
RQ;15;AS;Asiatic Russia;24;23
RQ;15;AS;Asiatic Russia;25;16
RQ;15;AS;Asiatic Russia;25;17
RQ;15;AS;Asiatic Russia;25;18
RQ;15;AS;Asiatic Russia;25;19
RQ;15;AS;Asiatic Russia;25;23
RQ;15;AS;Asiatic Russia;26;16
RQ;15;AS;Asiatic Russia;26;17
RQ;15;AS;Asiatic Russia;26;18
RQ;15;AS;Asiatic Russia;26;19
RQ;15;AS;Asiatic Russia;26;23
RQ;15;AS;Asiatic Russia;30;16
RQ;15;AS;Asiatic Russia;30;17
RQ;15;AS;Asiatic Russia;30;18
RQ;15;AS;Asiatic Russia;30;19
RQ;15;AS;Asiatic Russia;30;23
RQ;15;AS;Asiatic Russia;31;16
RQ;15;AS;Asiatic Russia;31;17
RQ;15;AS;Asiatic Russia;31;18
RQ;15;AS;Asiatic Russia;31;19
RQ;15;AS;Asiatic Russia;31;23
RQ;15;AS;Asiatic Russia;32;16
RQ;15;AS;Asiatic Russia;32;17
RQ;15;AS;Asiatic Russia;32;18
RQ;15;AS;Asiatic Russia;32;19
RQ;15;AS;Asiatic Russia;32;23
RQ;15;AS;Asiatic Russia;33;16
RQ;15;AS;Asiatic Russia;33;17
RQ;15;AS;Asiatic Russia;33;18
RQ;15;AS;Asiatic Russia;33;19
RQ;15;AS;Asiatic Russia;33;23
RQ;15;AS;Asiatic Russia;34;16
RQ;15;AS;Asiatic Russia;34;17
RQ;15;AS;Asiatic Russia;34;18
RQ;15;AS;Asiatic Russia;34;19
RQ;15;AS;Asiatic Russia;34;23
RQ;15;AS;Asiatic Russia;35;16
RQ;15;AS;Asiatic Russia;35;17
RQ;15;AS;Asiatic Russia;35;18
RQ;15;AS;Asiatic Russia;35;19
RQ;15;AS;Asiatic Russia;35;23
RQ;15;AS;Asiatic Russia;75;16
RQ;15;AS;Asiatic Russia;75;17
RQ;15;AS;Asiatic Russia;75;18
RQ;15;AS;Asiatic Russia;75;19
RQ;15;AS;Asiatic Russia;75;23
RQ;54;EU;European Russia;19;16
RQ;54;EU;European Russia;20;16
RQ;54;EU;European Russia;29;16
RQ;54;EU;European Russia;30;16
RR;15;AS;Asiatic Russia;20;16
RR;15;AS;Asiatic Russia;20;17
RR;15;AS;Asiatic Russia;20;18
RR;15;AS;Asiatic Russia;20;19
RR;15;AS;Asiatic Russia;20;23
RR;15;AS;Asiatic Russia;21;16
RR;15;AS;Asiatic Russia;21;17
RR;15;AS;Asiatic Russia;21;18
RR;15;AS;Asiatic Russia;21;19
RR;15;AS;Asiatic Russia;21;23
RR;15;AS;Asiatic Russia;22;16
RR;15;AS;Asiatic Russia;22;17
RR;15;AS;Asiatic Russia;22;18
RR;15;AS;Asiatic Russia;22;19
RR;15;AS;Asiatic Russia;22;23
RR;15;AS;Asiatic Russia;23;16
RR;15;AS;Asiatic Russia;23;17
RR;15;AS;Asiatic Russia;23;18
RR;15;AS;Asiatic Russia;23;19
RR;15;AS;Asiatic Russia;23;23
RR;15;AS;Asiatic Russia;24;16
RR;15;AS;Asiatic Russia;24;17
RR;15;AS;Asiatic Russia;24;18
RR;15;AS;Asiatic Russia;24;19
RR;15;AS;Asiatic Russia;24;23
RR;15;AS;Asiatic Russia;25;16
RR;15;AS;Asiatic Russia;25;17
RR;15;AS;Asiatic Russia;25;18
RR;15;AS;Asiatic Russia;25;19
RR;15;AS;Asiatic Russia;25;23
RR;15;AS;Asiatic Russia;26;16
RR;15;AS;Asiatic Russia;26;17
RR;15;AS;Asiatic Russia;26;18
RR;15;AS;Asiatic Russia;26;19
RR;15;AS;Asiatic Russia;26;23
RR;15;AS;Asiatic Russia;30;16
RR;15;AS;Asiatic Russia;30;17
RR;15;AS;Asiatic Russia;30;18
RR;15;AS;Asiatic Russia;30;19
RR;15;AS;Asiatic Russia;30;23
RR;15;AS;Asiatic Russia;31;16
RR;15;AS;Asiatic Russia;31;17
RR;15;AS;Asiatic Russia;31;18
RR;15;AS;Asiatic Russia;31;19
RR;15;AS;Asiatic Russia;31;23
RR;15;AS;Asiatic Russia;32;16
RR;15;AS;Asiatic Russia;32;17
RR;15;AS;Asiatic Russia;32;18
RR;15;AS;Asiatic Russia;32;19
RR;15;AS;Asiatic Russia;32;23
RR;15;AS;Asiatic Russia;33;16
RR;15;AS;Asiatic Russia;33;17
RR;15;AS;Asiatic Russia;33;18
RR;15;AS;Asiatic Russia;33;19
RR;15;AS;Asiatic Russia;33;23
RR;15;AS;Asiatic Russia;34;16
RR;15;AS;Asiatic Russia;34;17
RR;15;AS;Asiatic Russia;34;18
RR;15;AS;Asiatic Russia;34;19
RR;15;AS;Asiatic Russia;34;23
RR;15;AS;Asiatic Russia;35;16
RR;15;AS;Asiatic Russia;35;17
RR;15;AS;Asiatic Russia;35;18
RR;15;AS;Asiatic Russia;35;19
RR;15;AS;Asiatic Russia;35;23
RR;15;AS;Asiatic Russia;75;16
RR;15;AS;Asiatic Russia;75;17
RR;15;AS;Asiatic Russia;75;18
RR;15;AS;Asiatic Russia;75;19
RR;15;AS;Asiatic Russia;75;23
RR;54;EU;European Russia;19;16
RR;54;EU;European Russia;20;16
RR;54;EU;European Russia;29;16
RR;54;EU;European Russia;30;16
RS;15;AS;Asiatic Russia;20;16
RS;15;AS;Asiatic Russia;20;17
RS;15;AS;Asiatic Russia;20;18
RS;15;AS;Asiatic Russia;20;19
RS;15;AS;Asiatic Russia;20;23
RS;15;AS;Asiatic Russia;21;16
RS;15;AS;Asiatic Russia;21;17
RS;15;AS;Asiatic Russia;21;18
RS;15;AS;Asiatic Russia;21;19
RS;15;AS;Asiatic Russia;21;23
RS;15;AS;Asiatic Russia;22;16
RS;15;AS;Asiatic Russia;22;17
RS;15;AS;Asiatic Russia;22;18
RS;15;AS;Asiatic Russia;22;19
RS;15;AS;Asiatic Russia;22;23
RS;15;AS;Asiatic Russia;23;16
RS;15;AS;Asiatic Russia;23;17
RS;15;AS;Asiatic Russia;23;18
RS;15;AS;Asiatic Russia;23;19
RS;15;AS;Asiatic Russia;23;23
RS;15;AS;Asiatic Russia;24;16
RS;15;AS;Asiatic Russia;24;17
RS;15;AS;Asiatic Russia;24;18
RS;15;AS;Asiatic Russia;24;19
RS;15;AS;Asiatic Russia;24;23
RS;15;AS;Asiatic Russia;25;16
RS;15;AS;Asiatic Russia;25;17
RS;15;AS;Asiatic Russia;25;18
RS;15;AS;Asiatic Russia;25;19
RS;15;AS;Asiatic Russia;25;23
RS;15;AS;Asiatic Russia;26;16
RS;15;AS;Asiatic Russia;26;17
RS;15;AS;Asiatic Russia;26;18
RS;15;AS;Asiatic Russia;26;19
RS;15;AS;Asiatic Russia;26;23
RS;15;AS;Asiatic Russia;30;16
RS;15;AS;Asiatic Russia;30;17
RS;15;AS;Asiatic Russia;30;18
RS;15;AS;Asiatic Russia;30;19
RS;15;AS;Asiatic Russia;30;23
RS;15;AS;Asiatic Russia;31;16
RS;15;AS;Asiatic Russia;31;17
RS;15;AS;Asiatic Russia;31;18
RS;15;AS;Asiatic Russia;31;19
RS;15;AS;Asiatic Russia;31;23
RS;15;AS;Asiatic Russia;32;16
RS;15;AS;Asiatic Russia;32;17
RS;15;AS;Asiatic Russia;32;18
RS;15;AS;Asiatic Russia;32;19
RS;15;AS;Asiatic Russia;32;23
RS;15;AS;Asiatic Russia;33;16
RS;15;AS;Asiatic Russia;33;17
RS;15;AS;Asiatic Russia;33;18
RS;15;AS;Asiatic Russia;33;19
RS;15;AS;Asiatic Russia;33;23
RS;15;AS;Asiatic Russia;34;16
RS;15;AS;Asiatic Russia;34;17
RS;15;AS;Asiatic Russia;34;18
RS;15;AS;Asiatic Russia;34;19
RS;15;AS;Asiatic Russia;34;23
RS;15;AS;Asiatic Russia;35;16
RS;15;AS;Asiatic Russia;35;17
RS;15;AS;Asiatic Russia;35;18
RS;15;AS;Asiatic Russia;35;19
RS;15;AS;Asiatic Russia;35;23
RS;15;AS;Asiatic Russia;75;16
RS;15;AS;Asiatic Russia;75;17
RS;15;AS;Asiatic Russia;75;18
RS;15;AS;Asiatic Russia;75;19
RS;15;AS;Asiatic Russia;75;23
RS;54;EU;European Russia;19;16
RS;54;EU;European Russia;20;16
RS;54;EU;European Russia;29;16
RS;54;EU;European Russia;30;16
RT;15;AS;Asiatic Russia;20;16
RT;15;AS;Asiatic Russia;20;17
RT;15;AS;Asiatic Russia;20;18
RT;15;AS;Asiatic Russia;20;19
RT;15;AS;Asiatic Russia;20;23
RT;15;AS;Asiatic Russia;21;16
RT;15;AS;Asiatic Russia;21;17
RT;15;AS;Asiatic Russia;21;18
RT;15;AS;Asiatic Russia;21;19
RT;15;AS;Asiatic Russia;21;23
RT;15;AS;Asiatic Russia;22;16
RT;15;AS;Asiatic Russia;22;17
RT;15;AS;Asiatic Russia;22;18
RT;15;AS;Asiatic Russia;22;19
RT;15;AS;Asiatic Russia;22;23
RT;15;AS;Asiatic Russia;23;16
RT;15;AS;Asiatic Russia;23;17
RT;15;AS;Asiatic Russia;23;18
RT;15;AS;Asiatic Russia;23;19
RT;15;AS;Asiatic Russia;23;23
RT;15;AS;Asiatic Russia;24;16
RT;15;AS;Asiatic Russia;24;17
RT;15;AS;Asiatic Russia;24;18
RT;15;AS;Asiatic Russia;24;19
RT;15;AS;Asiatic Russia;24;23
RT;15;AS;Asiatic Russia;25;16
RT;15;AS;Asiatic Russia;25;17
RT;15;AS;Asiatic Russia;25;18
RT;15;AS;Asiatic Russia;25;19
RT;15;AS;Asiatic Russia;25;23
RT;15;AS;Asiatic Russia;26;16
RT;15;AS;Asiatic Russia;26;17
RT;15;AS;Asiatic Russia;26;18
RT;15;AS;Asiatic Russia;26;19
RT;15;AS;Asiatic Russia;26;23
RT;15;AS;Asiatic Russia;30;16
RT;15;AS;Asiatic Russia;30;17
RT;15;AS;Asiatic Russia;30;18
RT;15;AS;Asiatic Russia;30;19
RT;15;AS;Asiatic Russia;30;23
RT;15;AS;Asiatic Russia;31;16
RT;15;AS;Asiatic Russia;31;17
RT;15;AS;Asiatic Russia;31;18
RT;15;AS;Asiatic Russia;31;19
RT;15;AS;Asiatic Russia;31;23
RT;15;AS;Asiatic Russia;32;16
RT;15;AS;Asiatic Russia;32;17
RT;15;AS;Asiatic Russia;32;18
RT;15;AS;Asiatic Russia;32;19
RT;15;AS;Asiatic Russia;32;23
RT;15;AS;Asiatic Russia;33;16
RT;15;AS;Asiatic Russia;33;17
RT;15;AS;Asiatic Russia;33;18
RT;15;AS;Asiatic Russia;33;19
RT;15;AS;Asiatic Russia;33;23
RT;15;AS;Asiatic Russia;34;16
RT;15;AS;Asiatic Russia;34;17
RT;15;AS;Asiatic Russia;34;18
RT;15;AS;Asiatic Russia;34;19
RT;15;AS;Asiatic Russia;34;23
RT;15;AS;Asiatic Russia;35;16
RT;15;AS;Asiatic Russia;35;17
RT;15;AS;Asiatic Russia;35;18
RT;15;AS;Asiatic Russia;35;19
RT;15;AS;Asiatic Russia;35;23
RT;15;AS;Asiatic Russia;75;16
RT;15;AS;Asiatic Russia;75;17
RT;15;AS;Asiatic Russia;75;18
RT;15;AS;Asiatic Russia;75;19
RT;15;AS;Asiatic Russia;75;23
RT;54;EU;European Russia;19;16
RT;54;EU;European Russia;20;16
RT;54;EU;European Russia;29;16
RT;54;EU;European Russia;30;16
RU;15;AS;Asiatic Russia;20;16
RU;15;AS;Asiatic Russia;20;17
RU;15;AS;Asiatic Russia;20;18
RU;15;AS;Asiatic Russia;20;19
RU;15;AS;Asiatic Russia;20;23
RU;15;AS;Asiatic Russia;21;16
RU;15;AS;Asiatic Russia;21;17
RU;15;AS;Asiatic Russia;21;18
RU;15;AS;Asiatic Russia;21;19
RU;15;AS;Asiatic Russia;21;23
RU;15;AS;Asiatic Russia;22;16
RU;15;AS;Asiatic Russia;22;17
RU;15;AS;Asiatic Russia;22;18
RU;15;AS;Asiatic Russia;22;19
RU;15;AS;Asiatic Russia;22;23
RU;15;AS;Asiatic Russia;23;16
RU;15;AS;Asiatic Russia;23;17
RU;15;AS;Asiatic Russia;23;18
RU;15;AS;Asiatic Russia;23;19
RU;15;AS;Asiatic Russia;23;23
RU;15;AS;Asiatic Russia;24;16
RU;15;AS;Asiatic Russia;24;17
RU;15;AS;Asiatic Russia;24;18
RU;15;AS;Asiatic Russia;24;19
RU;15;AS;Asiatic Russia;24;23
RU;15;AS;Asiatic Russia;25;16
RU;15;AS;Asiatic Russia;25;17
RU;15;AS;Asiatic Russia;25;18
RU;15;AS;Asiatic Russia;25;19
RU;15;AS;Asiatic Russia;25;23
RU;15;AS;Asiatic Russia;26;16
RU;15;AS;Asiatic Russia;26;17
RU;15;AS;Asiatic Russia;26;18
RU;15;AS;Asiatic Russia;26;19
RU;15;AS;Asiatic Russia;26;23
RU;15;AS;Asiatic Russia;30;16
RU;15;AS;Asiatic Russia;30;17
RU;15;AS;Asiatic Russia;30;18
RU;15;AS;Asiatic Russia;30;19
RU;15;AS;Asiatic Russia;30;23
RU;15;AS;Asiatic Russia;31;16
RU;15;AS;Asiatic Russia;31;17
RU;15;AS;Asiatic Russia;31;18
RU;15;AS;Asiatic Russia;31;19
RU;15;AS;Asiatic Russia;31;23
RU;15;AS;Asiatic Russia;32;16
RU;15;AS;Asiatic Russia;32;17
RU;15;AS;Asiatic Russia;32;18
RU;15;AS;Asiatic Russia;32;19
RU;15;AS;Asiatic Russia;32;23
RU;15;AS;Asiatic Russia;33;16
RU;15;AS;Asiatic Russia;33;17
RU;15;AS;Asiatic Russia;33;18
RU;15;AS;Asiatic Russia;33;19
RU;15;AS;Asiatic Russia;33;23
RU;15;AS;Asiatic Russia;34;16
RU;15;AS;Asiatic Russia;34;17
RU;15;AS;Asiatic Russia;34;18
RU;15;AS;Asiatic Russia;34;19
RU;15;AS;Asiatic Russia;34;23
RU;15;AS;Asiatic Russia;35;16
RU;15;AS;Asiatic Russia;35;17
RU;15;AS;Asiatic Russia;35;18
RU;15;AS;Asiatic Russia;35;19
RU;15;AS;Asiatic Russia;35;23
RU;15;AS;Asiatic Russia;75;16
RU;15;AS;Asiatic Russia;75;17
RU;15;AS;Asiatic Russia;75;18
RU;15;AS;Asiatic Russia;75;19
RU;15;AS;Asiatic Russia;75;23
RU;54;EU;European Russia;19;16
RU;54;EU;European Russia;20;16
RU;54;EU;European Russia;29;16
RU;54;EU;European Russia;30;16
RV;15;AS;Asiatic Russia;20;16
RV;15;AS;Asiatic Russia;20;17
RV;15;AS;Asiatic Russia;20;18
RV;15;AS;Asiatic Russia;20;19
RV;15;AS;Asiatic Russia;20;23
RV;15;AS;Asiatic Russia;21;16
RV;15;AS;Asiatic Russia;21;17
RV;15;AS;Asiatic Russia;21;18
RV;15;AS;Asiatic Russia;21;19
RV;15;AS;Asiatic Russia;21;23
RV;15;AS;Asiatic Russia;22;16
RV;15;AS;Asiatic Russia;22;17
RV;15;AS;Asiatic Russia;22;18
RV;15;AS;Asiatic Russia;22;19
RV;15;AS;Asiatic Russia;22;23
RV;15;AS;Asiatic Russia;23;16
RV;15;AS;Asiatic Russia;23;17
RV;15;AS;Asiatic Russia;23;18
RV;15;AS;Asiatic Russia;23;19
RV;15;AS;Asiatic Russia;23;23
RV;15;AS;Asiatic Russia;24;16
RV;15;AS;Asiatic Russia;24;17
RV;15;AS;Asiatic Russia;24;18
RV;15;AS;Asiatic Russia;24;19
RV;15;AS;Asiatic Russia;24;23
RV;15;AS;Asiatic Russia;25;16
RV;15;AS;Asiatic Russia;25;17
RV;15;AS;Asiatic Russia;25;18
RV;15;AS;Asiatic Russia;25;19
RV;15;AS;Asiatic Russia;25;23
RV;15;AS;Asiatic Russia;26;16
RV;15;AS;Asiatic Russia;26;17
RV;15;AS;Asiatic Russia;26;18
RV;15;AS;Asiatic Russia;26;19
RV;15;AS;Asiatic Russia;26;23
RV;15;AS;Asiatic Russia;30;16
RV;15;AS;Asiatic Russia;30;17
RV;15;AS;Asiatic Russia;30;18
RV;15;AS;Asiatic Russia;30;19
RV;15;AS;Asiatic Russia;30;23
RV;15;AS;Asiatic Russia;31;16
RV;15;AS;Asiatic Russia;31;17
RV;15;AS;Asiatic Russia;31;18
RV;15;AS;Asiatic Russia;31;19
RV;15;AS;Asiatic Russia;31;23
RV;15;AS;Asiatic Russia;32;16
RV;15;AS;Asiatic Russia;32;17
RV;15;AS;Asiatic Russia;32;18
RV;15;AS;Asiatic Russia;32;19
RV;15;AS;Asiatic Russia;32;23
RV;15;AS;Asiatic Russia;33;16
RV;15;AS;Asiatic Russia;33;17
RV;15;AS;Asiatic Russia;33;18
RV;15;AS;Asiatic Russia;33;19
RV;15;AS;Asiatic Russia;33;23
RV;15;AS;Asiatic Russia;34;16
RV;15;AS;Asiatic Russia;34;17
RV;15;AS;Asiatic Russia;34;18
RV;15;AS;Asiatic Russia;34;19
RV;15;AS;Asiatic Russia;34;23
RV;15;AS;Asiatic Russia;35;16
RV;15;AS;Asiatic Russia;35;17
RV;15;AS;Asiatic Russia;35;18
RV;15;AS;Asiatic Russia;35;19
RV;15;AS;Asiatic Russia;35;23
RV;15;AS;Asiatic Russia;75;16
RV;15;AS;Asiatic Russia;75;17
RV;15;AS;Asiatic Russia;75;18
RV;15;AS;Asiatic Russia;75;19
RV;15;AS;Asiatic Russia;75;23
RV;54;EU;European Russia;19;16
RV;54;EU;European Russia;20;16
RV;54;EU;European Russia;29;16
RV;54;EU;European Russia;30;16
RW;15;AS;Asiatic Russia;20;16
RW;15;AS;Asiatic Russia;20;17
RW;15;AS;Asiatic Russia;20;18
RW;15;AS;Asiatic Russia;20;19
RW;15;AS;Asiatic Russia;20;23
RW;15;AS;Asiatic Russia;21;16
RW;15;AS;Asiatic Russia;21;17
RW;15;AS;Asiatic Russia;21;18
RW;15;AS;Asiatic Russia;21;19
RW;15;AS;Asiatic Russia;21;23
RW;15;AS;Asiatic Russia;22;16
RW;15;AS;Asiatic Russia;22;17
RW;15;AS;Asiatic Russia;22;18
RW;15;AS;Asiatic Russia;22;19
RW;15;AS;Asiatic Russia;22;23
RW;15;AS;Asiatic Russia;23;16
RW;15;AS;Asiatic Russia;23;17
RW;15;AS;Asiatic Russia;23;18
RW;15;AS;Asiatic Russia;23;19
RW;15;AS;Asiatic Russia;23;23
RW;15;AS;Asiatic Russia;24;16
RW;15;AS;Asiatic Russia;24;17
RW;15;AS;Asiatic Russia;24;18
RW;15;AS;Asiatic Russia;24;19
RW;15;AS;Asiatic Russia;24;23
RW;15;AS;Asiatic Russia;25;16
RW;15;AS;Asiatic Russia;25;17
RW;15;AS;Asiatic Russia;25;18
RW;15;AS;Asiatic Russia;25;19
RW;15;AS;Asiatic Russia;25;23
RW;15;AS;Asiatic Russia;26;16
RW;15;AS;Asiatic Russia;26;17
RW;15;AS;Asiatic Russia;26;18
RW;15;AS;Asiatic Russia;26;19
RW;15;AS;Asiatic Russia;26;23
RW;15;AS;Asiatic Russia;30;16
RW;15;AS;Asiatic Russia;30;17
RW;15;AS;Asiatic Russia;30;18
RW;15;AS;Asiatic Russia;30;19
RW;15;AS;Asiatic Russia;30;23
RW;15;AS;Asiatic Russia;31;16
RW;15;AS;Asiatic Russia;31;17
RW;15;AS;Asiatic Russia;31;18
RW;15;AS;Asiatic Russia;31;19
RW;15;AS;Asiatic Russia;31;23
RW;15;AS;Asiatic Russia;32;16
RW;15;AS;Asiatic Russia;32;17
RW;15;AS;Asiatic Russia;32;18
RW;15;AS;Asiatic Russia;32;19
RW;15;AS;Asiatic Russia;32;23
RW;15;AS;Asiatic Russia;33;16
RW;15;AS;Asiatic Russia;33;17
RW;15;AS;Asiatic Russia;33;18
RW;15;AS;Asiatic Russia;33;19
RW;15;AS;Asiatic Russia;33;23
RW;15;AS;Asiatic Russia;34;16
RW;15;AS;Asiatic Russia;34;17
RW;15;AS;Asiatic Russia;34;18
RW;15;AS;Asiatic Russia;34;19
RW;15;AS;Asiatic Russia;34;23
RW;15;AS;Asiatic Russia;35;16
RW;15;AS;Asiatic Russia;35;17
RW;15;AS;Asiatic Russia;35;18
RW;15;AS;Asiatic Russia;35;19
RW;15;AS;Asiatic Russia;35;23
RW;15;AS;Asiatic Russia;75;16
RW;15;AS;Asiatic Russia;75;17
RW;15;AS;Asiatic Russia;75;18
RW;15;AS;Asiatic Russia;75;19
RW;15;AS;Asiatic Russia;75;23
RW;54;EU;European Russia;19;16
RW;54;EU;European Russia;20;16
RW;54;EU;European Russia;29;16
RW;54;EU;European Russia;30;16
RX;15;AS;Asiatic Russia;20;16
RX;15;AS;Asiatic Russia;20;17
RX;15;AS;Asiatic Russia;20;18
RX;15;AS;Asiatic Russia;20;19
RX;15;AS;Asiatic Russia;20;23
RX;15;AS;Asiatic Russia;21;16
RX;15;AS;Asiatic Russia;21;17
RX;15;AS;Asiatic Russia;21;18
RX;15;AS;Asiatic Russia;21;19
RX;15;AS;Asiatic Russia;21;23
RX;15;AS;Asiatic Russia;22;16
RX;15;AS;Asiatic Russia;22;17
RX;15;AS;Asiatic Russia;22;18
RX;15;AS;Asiatic Russia;22;19
RX;15;AS;Asiatic Russia;22;23
RX;15;AS;Asiatic Russia;23;16
RX;15;AS;Asiatic Russia;23;17
RX;15;AS;Asiatic Russia;23;18
RX;15;AS;Asiatic Russia;23;19
RX;15;AS;Asiatic Russia;23;23
RX;15;AS;Asiatic Russia;24;16
RX;15;AS;Asiatic Russia;24;17
RX;15;AS;Asiatic Russia;24;18
RX;15;AS;Asiatic Russia;24;19
RX;15;AS;Asiatic Russia;24;23
RX;15;AS;Asiatic Russia;25;16
RX;15;AS;Asiatic Russia;25;17
RX;15;AS;Asiatic Russia;25;18
RX;15;AS;Asiatic Russia;25;19
RX;15;AS;Asiatic Russia;25;23
RX;15;AS;Asiatic Russia;26;16
RX;15;AS;Asiatic Russia;26;17
RX;15;AS;Asiatic Russia;26;18
RX;15;AS;Asiatic Russia;26;19
RX;15;AS;Asiatic Russia;26;23
RX;15;AS;Asiatic Russia;30;16
RX;15;AS;Asiatic Russia;30;17
RX;15;AS;Asiatic Russia;30;18
RX;15;AS;Asiatic Russia;30;19
RX;15;AS;Asiatic Russia;30;23
RX;15;AS;Asiatic Russia;31;16
RX;15;AS;Asiatic Russia;31;17
RX;15;AS;Asiatic Russia;31;18
RX;15;AS;Asiatic Russia;31;19
RX;15;AS;Asiatic Russia;31;23
RX;15;AS;Asiatic Russia;32;16
RX;15;AS;Asiatic Russia;32;17
RX;15;AS;Asiatic Russia;32;18
RX;15;AS;Asiatic Russia;32;19
RX;15;AS;Asiatic Russia;32;23
RX;15;AS;Asiatic Russia;33;16
RX;15;AS;Asiatic Russia;33;17
RX;15;AS;Asiatic Russia;33;18
RX;15;AS;Asiatic Russia;33;19
RX;15;AS;Asiatic Russia;33;23
RX;15;AS;Asiatic Russia;34;16
RX;15;AS;Asiatic Russia;34;17
RX;15;AS;Asiatic Russia;34;18
RX;15;AS;Asiatic Russia;34;19
RX;15;AS;Asiatic Russia;34;23
RX;15;AS;Asiatic Russia;35;16
RX;15;AS;Asiatic Russia;35;17
RX;15;AS;Asiatic Russia;35;18
RX;15;AS;Asiatic Russia;35;19
RX;15;AS;Asiatic Russia;35;23
RX;15;AS;Asiatic Russia;75;16
RX;15;AS;Asiatic Russia;75;17
RX;15;AS;Asiatic Russia;75;18
RX;15;AS;Asiatic Russia;75;19
RX;15;AS;Asiatic Russia;75;23
RX;54;EU;European Russia;19;16
RX;54;EU;European Russia;20;16
RX;54;EU;European Russia;29;16
RX;54;EU;European Russia;30;16
RY;15;AS;Asiatic Russia;20;16
RY;15;AS;Asiatic Russia;20;17
RY;15;AS;Asiatic Russia;20;18
RY;15;AS;Asiatic Russia;20;19
RY;15;AS;Asiatic Russia;20;23
RY;15;AS;Asiatic Russia;21;16
RY;15;AS;Asiatic Russia;21;17
RY;15;AS;Asiatic Russia;21;18
RY;15;AS;Asiatic Russia;21;19
RY;15;AS;Asiatic Russia;21;23
RY;15;AS;Asiatic Russia;22;16
RY;15;AS;Asiatic Russia;22;17
RY;15;AS;Asiatic Russia;22;18
RY;15;AS;Asiatic Russia;22;19
RY;15;AS;Asiatic Russia;22;23
RY;15;AS;Asiatic Russia;23;16
RY;15;AS;Asiatic Russia;23;17
RY;15;AS;Asiatic Russia;23;18
RY;15;AS;Asiatic Russia;23;19
RY;15;AS;Asiatic Russia;23;23
RY;15;AS;Asiatic Russia;24;16
RY;15;AS;Asiatic Russia;24;17
RY;15;AS;Asiatic Russia;24;18
RY;15;AS;Asiatic Russia;24;19
RY;15;AS;Asiatic Russia;24;23
RY;15;AS;Asiatic Russia;25;16
RY;15;AS;Asiatic Russia;25;17
RY;15;AS;Asiatic Russia;25;18
RY;15;AS;Asiatic Russia;25;19
RY;15;AS;Asiatic Russia;25;23
RY;15;AS;Asiatic Russia;26;16
RY;15;AS;Asiatic Russia;26;17
RY;15;AS;Asiatic Russia;26;18
RY;15;AS;Asiatic Russia;26;19
RY;15;AS;Asiatic Russia;26;23
RY;15;AS;Asiatic Russia;30;16
RY;15;AS;Asiatic Russia;30;17
RY;15;AS;Asiatic Russia;30;18
RY;15;AS;Asiatic Russia;30;19
RY;15;AS;Asiatic Russia;30;23
RY;15;AS;Asiatic Russia;31;16
RY;15;AS;Asiatic Russia;31;17
RY;15;AS;Asiatic Russia;31;18
RY;15;AS;Asiatic Russia;31;19
RY;15;AS;Asiatic Russia;31;23
RY;15;AS;Asiatic Russia;32;16
RY;15;AS;Asiatic Russia;32;17
RY;15;AS;Asiatic Russia;32;18
RY;15;AS;Asiatic Russia;32;19
RY;15;AS;Asiatic Russia;32;23
RY;15;AS;Asiatic Russia;33;16
RY;15;AS;Asiatic Russia;33;17
RY;15;AS;Asiatic Russia;33;18
RY;15;AS;Asiatic Russia;33;19
RY;15;AS;Asiatic Russia;33;23
RY;15;AS;Asiatic Russia;34;16
RY;15;AS;Asiatic Russia;34;17
RY;15;AS;Asiatic Russia;34;18
RY;15;AS;Asiatic Russia;34;19
RY;15;AS;Asiatic Russia;34;23
RY;15;AS;Asiatic Russia;35;16
RY;15;AS;Asiatic Russia;35;17
RY;15;AS;Asiatic Russia;35;18
RY;15;AS;Asiatic Russia;35;19
RY;15;AS;Asiatic Russia;35;23
RY;15;AS;Asiatic Russia;75;16
RY;15;AS;Asiatic Russia;75;17
RY;15;AS;Asiatic Russia;75;18
RY;15;AS;Asiatic Russia;75;19
RY;15;AS;Asiatic Russia;75;23
RY;54;EU;European Russia;19;16
RY;54;EU;European Russia;20;16
RY;54;EU;European Russia;29;16
RY;54;EU;European Russia;30;16
RZ;15;AS;Asiatic Russia;20;16
RZ;15;AS;Asiatic Russia;20;17
RZ;15;AS;Asiatic Russia;20;18
RZ;15;AS;Asiatic Russia;20;19
RZ;15;AS;Asiatic Russia;20;23
RZ;15;AS;Asiatic Russia;21;16
RZ;15;AS;Asiatic Russia;21;17
RZ;15;AS;Asiatic Russia;21;18
RZ;15;AS;Asiatic Russia;21;19
RZ;15;AS;Asiatic Russia;21;23
RZ;15;AS;Asiatic Russia;22;16
RZ;15;AS;Asiatic Russia;22;17
RZ;15;AS;Asiatic Russia;22;18
RZ;15;AS;Asiatic Russia;22;19
RZ;15;AS;Asiatic Russia;22;23
RZ;15;AS;Asiatic Russia;23;16
RZ;15;AS;Asiatic Russia;23;17
RZ;15;AS;Asiatic Russia;23;18
RZ;15;AS;Asiatic Russia;23;19
RZ;15;AS;Asiatic Russia;23;23
RZ;15;AS;Asiatic Russia;24;16
RZ;15;AS;Asiatic Russia;24;17
RZ;15;AS;Asiatic Russia;24;18
RZ;15;AS;Asiatic Russia;24;19
RZ;15;AS;Asiatic Russia;24;23
RZ;15;AS;Asiatic Russia;25;16
RZ;15;AS;Asiatic Russia;25;17
RZ;15;AS;Asiatic Russia;25;18
RZ;15;AS;Asiatic Russia;25;19
RZ;15;AS;Asiatic Russia;25;23
RZ;15;AS;Asiatic Russia;26;16
RZ;15;AS;Asiatic Russia;26;17
RZ;15;AS;Asiatic Russia;26;18
RZ;15;AS;Asiatic Russia;26;19
RZ;15;AS;Asiatic Russia;26;23
RZ;15;AS;Asiatic Russia;30;16
RZ;15;AS;Asiatic Russia;30;17
RZ;15;AS;Asiatic Russia;30;18
RZ;15;AS;Asiatic Russia;30;19
RZ;15;AS;Asiatic Russia;30;23
RZ;15;AS;Asiatic Russia;31;16
RZ;15;AS;Asiatic Russia;31;17
RZ;15;AS;Asiatic Russia;31;18
RZ;15;AS;Asiatic Russia;31;19
RZ;15;AS;Asiatic Russia;31;23
RZ;15;AS;Asiatic Russia;32;16
RZ;15;AS;Asiatic Russia;32;17
RZ;15;AS;Asiatic Russia;32;18
RZ;15;AS;Asiatic Russia;32;19
RZ;15;AS;Asiatic Russia;32;23
RZ;15;AS;Asiatic Russia;33;16
RZ;15;AS;Asiatic Russia;33;17
RZ;15;AS;Asiatic Russia;33;18
RZ;15;AS;Asiatic Russia;33;19
RZ;15;AS;Asiatic Russia;33;23
RZ;15;AS;Asiatic Russia;34;16
RZ;15;AS;Asiatic Russia;34;17
RZ;15;AS;Asiatic Russia;34;18
RZ;15;AS;Asiatic Russia;34;19
RZ;15;AS;Asiatic Russia;34;23
RZ;15;AS;Asiatic Russia;35;16
RZ;15;AS;Asiatic Russia;35;17
RZ;15;AS;Asiatic Russia;35;18
RZ;15;AS;Asiatic Russia;35;19
RZ;15;AS;Asiatic Russia;35;23
RZ;15;AS;Asiatic Russia;75;16
RZ;15;AS;Asiatic Russia;75;17
RZ;15;AS;Asiatic Russia;75;18
RZ;15;AS;Asiatic Russia;75;19
RZ;15;AS;Asiatic Russia;75;23
RZ;54;EU;European Russia;19;16
RZ;54;EU;European Russia;20;16
RZ;54;EU;European Russia;29;16
RZ;54;EU;European Russia;30;16
S0;302;AF;Western Sahara;46;33
S2;305;AS;Bangladesh;41;22
S3;305;AS;Bangladesh;41;22
S4;462;AF;South Africa;57;38
S5;499;EU;Slovenia;28;15
S6;381;AS;Singapore;54;28
S7;379;AF;Seychelles;53;39
S8;462;AF;South Africa;57;38
S9;219;AF;Sao Tome & Principe;47;36
SA;284;EU;Sweden;28;15
SB;284;EU;Sweden;28;15
SC;284;EU;Sweden;28;15
SD;284;EU;Sweden;28;15
SE;284;EU;Sweden;28;15
SF;284;EU;Sweden;28;15
SG;284;EU;Sweden;28;15
SH;284;EU;Sweden;28;15
SI;284;EU;Sweden;28;15
SJ;284;EU;Sweden;28;15
SK;284;EU;Sweden;28;15
SL;284;EU;Sweden;28;15
SM;284;EU;Sweden;28;15
SN;269;EU;Poland;28;15
SO;269;EU;Poland;28;15
SP;269;EU;Poland;28;15
SQ;269;EU;Poland;28;15
SR;269;EU;Poland;28;15
SSA;478;AF;Egypt;38;34
SSB;478;AF;Egypt;38;34
SSC;478;AF;Egypt;38;34
SSD;478;AF;Egypt;38;34
SSE;478;AF;Egypt;38;34
SSF;478;AF;Egypt;38;34
SSG;478;AF;Egypt;38;34
SSH;478;AF;Egypt;38;34
SSI;478;AF;Egypt;38;34
SSJ;478;AF;Egypt;38;34
SSK;478;AF;Egypt;38;34
SSL;478;AF;Egypt;38;34
SSM;478;AF;Egypt;38;34
SSN;466;AF;Sudan;48;34
SSO;466;AF;Sudan;48;34
SSP;466;AF;Sudan;48;34
SSQ;466;AF;Sudan;48;34
SSR;466;AF;Sudan;48;34
SSS;466;AF;Sudan;48;34
SST;466;AF;Sudan;48;34
SSU;466;AF;Sudan;48;34
SSV;466;AF;Sudan;48;34
SSW;466;AF;Sudan;48;34
SSX;466;AF;Sudan;48;34
SSY;466;AF;Sudan;48;34
SSZ;466;AF;Sudan;48;34
ST;466;AF;Sudan;48;34
ST0;244;AF;Southern Sudan;47;34
ST0;244;AF;Southern Sudan;48;34
SU;478;AF;Egypt;38;34
SV;236;EU;Greece;28;20
SV/A;180;EU;Mt Athos;28;20
SV5;45;EU;Dodecanese;28;20
SV9;40;EU;Crete;28;20
SW;236;EU;Greece;28;20
SX;236;EU;Greece;28;20
SY;236;EU;Greece;28;20
SZ;236;EU;Greece;28;20
T2;282;OC;Tuvalu;65;31
T30;301;OC;W. Kiribati;65;31
T31;31;OC;C Kiribati;62;31
T32;48;OC;Eastern Kiribati;61;31
T32;48;OC;Eastern Kiribati;63;31
T33;490;OC;Banaba Is;65;31
T4;70;NA;Cuba;11;8
T5;232;AF;Somalia;48;37
T7;278;EU;San Marino;28;15
T8;22;OC;Palau;64;27
T9;501;EU;Bosnia and Herzegovina;28;15
TA;390;AS;Turkey;39;20
TA;390;EU;Turkey;39;20
TB;390;AS;Turkey;39;20
TB;390;EU;Turkey;39;20
TC;390;AS;Turkey;39;20
TC;390;EU;Turkey;39;20
TD;76;NA;Guatemala;11;7
TE;308;NA;Costa Rica;11;7
TF;242;EU;Iceland;17;40
TG;76;NA;Guatemala;11;7
TH;227;EU;France;27;14
TI;308;NA;Costa Rica;11;7
TI9;37;NA;Cocos Island;11;7
TJ;406;AF;Cameroon;47;36
TK;214;EU;Corsica;28;15
TL;408;AF;Central Africa;47;36
TM;227;EU;France;27;14
TN;412;AF;Congo (republic Of The);52;36
TO;227;EU;France;27;14
TP;227;EU;France;27;14
TQ;227;EU;France;27;14
TR;420;AF;Gabon;52;36
TT;410;AF;Chad;47;36
TU;428;AF;Ivory Coast;46;35
TV;227;EU;France;27;14
TW;227;EU;France;27;14
TX;512;OC;Chesterfield Islands;55;30
TY;416;AF;Benin;46;35
TZ;442;AF;Mali;46;35
UA2;126;EU;Kaliningrad;29;15
UJ;292;AS;Uzbekistan;30;17
UK;292;AS;Uzbekistan;30;17
UL;292;AS;Uzbekistan;30;17
UM;292;AS;Uzbekistan;30;17
UN;130;AS;Kazakhstan;2;17
UN;130;AS;Kazakhstan;3;17
UN1;128;EU;Karelo-finnish Republic;19;16
UO;130;AS;Kazakhstan;2;17
UO;130;AS;Kazakhstan;3;17
UP;130;AS;Kazakhstan;2;17
UP;130;AS;Kazakhstan;3;17
UQ;130;AS;Kazakhstan;2;17
UQ;130;AS;Kazakhstan;3;17
UR;288;EU;Ukraine;29;16
US;288;EU;Ukraine;29;16
UT;288;EU;Ukraine;29;16
UU;288;EU;Ukraine;29;16
UV;288;EU;Ukraine;29;16
UW;288;EU;Ukraine;29;16
UX;288;EU;Ukraine;29;16
UY;288;EU;Ukraine;29;16
UZ;288;EU;Ukraine;29;16
V2;94;NA;Antigua & Barbuda;11;8
V3;66;NA;Belize;11;7
V4;249;NA;St Kitts & Nevis;11;8
V5;464;AF;Namibia;57;38
V6;173;OC;Micronesia;65;27
V7;168;OC;Marshall Is;65;31
V8;345;OC;Brunei;54;28
V9;462;AF;South Africa;57;38
VA;1;NA;Canada;2;5
VB;1;NA;Canada;2;5
VC;1;NA;Canada;2;5
VD;1;NA;Canada;2;5
VE;1;NA;Canada;2;5
VF;1;NA;Canada;2;5
VG;1;NA;Canada;2;5
VK;150;OC;Australia;55;29
VK;150;OC;Australia;55;30
VK;150;OC;Australia;58;29
VK;150;OC;Australia;58;30
VK;150;OC;Australia;59;29
VK;150;OC;Australia;59;30
VK0;111;AF;Heard Is;68;39
VK0;153;OC;Macquarie Is;60;30
VK9;198;OC;Papua Territory;51;28
VK9;267;OC;Terr New Guinea;51;28
VK9C;38;OC;Cocos-keeling Is;54;29
VK9L;147;OC;Lord Howe Is;60;30
VK9M;171;OC;Mellish Reef;56;30
VK9N;189;OC;Norfolk Is;60;32
VK9W;303;OC;Willis Is;55;30
VK9X;35;OC;Christmas Is;54;29
VO;1;NA;Canada;2;5
VP;223;EU;England;27;14
VP2E;12;NA;Anguilla;11;8
VP2M;96;NA;Montserrat;11;8
VP2V;65;NA;British Virgin Is;11;8
VP5;89;NA;Turks & Caicos Is;11;8
VP6;172;OC;Pitcairn Is;63;32
VP8;141;SA;Falkland Is;16;13
VP8;235;SA;South Georgia Is;73;13
VP8;238;SA;South Orkney Is;73;13
VP8;240;SA;South Sandwich Islands;73;13
VP8;241;SA;South Shetland Islands;73;13
VP9;64;NA;Bermuda;11;5
VQ;223;EU;England;27;14
VQ1;307;AF;Zanzibar;53;37
VQ6;26;AF;British Somali;48;37
VQ9;8;AF;Aldabra;53;39
VQ9;33;AF;Chagos;41;39
VQ9;44;AF;Desroches;53;39
VQ9;55;AF;Farquhar;53;39
VR;318;AS;China;33;24
VS;223;EU;England;27;14
VS2;25;OC;British N. Boreno;54;28
VS2;155;AS;Malaya;54;28
VS4;25;OC;British N. Boreno;54;28
VS4;220;OC;Sarawak;54;28
VS9A;243;AS;Peoples Dem Rep Of Yemen;39;21
VS9H;139;AS;Kuria Muria Is;39;21
VS9K;127;AS;Kamaran Is;39;21
VS9P;243;AS;Peoples Dem Rep Of Yemen;39;21
VS9S;243;AS;Peoples Dem Rep Of Yemen;39;21
VT;324;AS;India;41;22
VU;324;AS;India;41;22
VV;324;AS;India;41;22
VW;324;AS;India;41;22
VX;1;NA;Canada;2;5
VY;1;NA;Canada;2;5
W;291;NA;United States Of America;6;3
W;291;NA;United States Of America;6;4
W;291;NA;United States Of America;6;5
W;291;NA;United States Of America;7;3
W;291;NA;United States Of America;7;4
W;291;NA;United States Of America;7;5
W;291;NA;United States Of America;8;3
W;291;NA;United States Of America;8;4
W;291;NA;United States Of America;8;5
WH8S;515;OC;Swains Island;62;32
WP1;182;NA;Navassa Island;11;8
XA;50;NA;Mexico;10;6
XA4;204;NA;Revilla Gigedo;10;6
XB;50;NA;Mexico;10;6
XC;50;NA;Mexico;10;6
XD;50;NA;Mexico;10;6
XE;50;NA;Mexico;10;6
XF;50;NA;Mexico;10;6
XG;50;NA;Mexico;10;6
XH;50;NA;Mexico;10;6
XI;50;NA;Mexico;10;6
XJ;1;NA;Canada;2;5
XK;1;NA;Canada;2;5
XL;1;NA;Canada;2;5
XM;1;NA;Canada;2;5
XN;1;NA;Canada;2;5
XO;1;NA;Canada;2;5
XQ;112;SA;Chile;14;12
XR;112;SA;Chile;14;12
XS;318;AS;China;33;24
XT;480;AF;Burkina Faso;46;35
XU;312;AS;Cambodia;49;26
XV;293;AS;Vietnam;49;26
XV9;247;OC;Spratly Islands;50;26
XW;143;AS;Laos;49;26
XX9;152;AS;Macao;44;24
XY;309;AS;Myanmar;49;26
XZ;309;AS;Myanmar;49;26
Y2;230;EU;Germany;28;14
Y3;230;EU;Germany;28;14
Y4;230;EU;Germany;28;14
Y5;230;EU;Germany;28;14
Y6;230;EU;Germany;28;14
Y7;230;EU;Germany;28;14
Y8;230;EU;Germany;28;14
Y9;230;EU;Germany;28;14
YA;3;AS;Afghanistan;40;21
YB;327;OC;Indonesia;51;28
YC;327;OC;Indonesia;51;28
YD;327;OC;Indonesia;51;28
YE;327;OC;Indonesia;51;28
YF;327;OC;Indonesia;51;28
YG;327;OC;Indonesia;51;28
YH;327;OC;Indonesia;51;28
YI;333;AS;Iraq;39;21
YJ;158;OC;Vanuatu;56;32
YK;384;AS;Syria;39;20
YL;145;EU;Latvia;29;15
YM;390;AS;Turkey;39;20
YN;86;NA;Nicaragua;11;7
YO;275;EU;Romania;28;20
YP;275;EU;Romania;28;20
YQ;275;EU;Romania;28;20
YR;275;EU;Romania;28;20
YS;74;NA;El Salvador;11;7
YT;296;EU;Serbia;28;15
YU;296;EU;Serbia;28;15
YV;148;SA;Venezuela;12;9
YV0;17;NA;Aves Island;11;8
YW;148;SA;Venezuela;12;9
YX;148;SA;Venezuela;12;9
YY;148;SA;Venezuela;12;9
YZ;296;EU;Serbia;28;15
Z2;452;AF;Zimbabwe;53;38
Z3;502;EU;Macedonia;28;15
Z6;522;EU;Republic of Kosovo;28;15
Z8;521;AF;South Sudan;48;34
ZA;7;EU;Albania;28;15
ZB;233;EU;Gibraltar;37;14
ZB2;233;EU;Gibraltar;37;14
ZC4;283;AS;Cyprus Sovereign Base Areas;39;20
ZC5;25;OC;British N. Boreno;54;28
ZC6;196;AS;Palestine;39;20
ZD;223;EU;England;27;14
ZD4;102;AF;Gold Coast, Togoland;46;35
ZD7;250;AF;St Helena Is;66;36
ZD8;205;AF;Ascension Island;66;36
ZD9;274;AF;Tristan Da Cunha & Gough Is;66;38
ZE;223;EU;England;27;14
ZF;69;NA;Cayman Islands;11;8
ZG;223;EU;England;27;14
ZH;223;EU;England;27;14
ZI;223;EU;England;27;14
ZJ;223;EU;England;27;14
ZK;170;OC;New Zealand;60;32
ZK1;191;OC;N Cook Is;62;32
ZK1;234;OC;S Cook Is;62;32
ZK2;188;OC;Niue;62;32
ZK3;270;OC;Tokelau Is;62;31
ZL;170;OC;New Zealand;60;32
ZL7;34;OC;Chatham Is;60;32
ZL8;133;OC;Kermadec;60;32
ZL9;16;OC;Auckland & Campbell;60;32
ZM;170;OC;New Zealand;60;32
ZN;223;EU;England;27;14
ZO;223;EU;England;27;14
ZP;132;SA;Paraguay;14;11
ZQ;223;EU;England;27;14
ZR;462;AF;South Africa;57;38
ZS;462;AF;South Africa;57;38
ZS0;493;AF;Penguin Islands;57;38
ZS8;201;AF;Prince Edward & Marion Is;57;38
ZS9;488;AF;Walvis Bay;57;38
ZT;462;AF;South Africa;57;38
ZU;462;AF;South Africa;57;38
ZV;108;SA;Brazil;12;11
ZW;108;SA;Brazil;12;11
ZX;108;SA;Brazil;12;11
ZY;108;SA;Brazil;12;11
ZZ;108;SA;Brazil;12;11
